Scientific name,Common name,"IUCN Red List(2020)Category","IUCN RedList (2021)Category","Reason forchange","Red Listversion"
"",,,,,
MAMMALS (Mammalia),,,,,
Alouatta sara,Bolivian Red Howler Monkey,LC,NT,G,2021-1
Anomalurus pelii,Pel's Flying Squirrel,DD,LC,N,2021-3
Aotus zonalis,Panamanian Night Monkey,DD,NT,N,2021-1
Capricornis rubidus,Red Serow,NT,VU,N,2021-3
Cebus brunneus,Venezuelan Brown Capuchin,LC,EN,N,2021-2
Chalinolobus tuberculatus,New Zealand Long-tailed Bat,VU,CR,G,2021-1
Crocidura allex,East African Highland Shrew,VU,LC,N,2021-2
Crocidura buettikoferi,Buettikofer's Shrew,NT,LC,N,2021-2
Echiothrix centrosa,Central Sulawesi Echiothrix,VU,NT,N,2021-3
Eonycteris major,Greater Dawn Bat,DD,NT,N,2021-1
Falsistrellus tasmaniensis,Eastern False Pipistrelle,LC,VU,N,2021-1
Galemys pyrenaicus,Pyrenean Desman,VU,EN,G,2021-3
Haeromys minahassae,Lowland Sulawesi Haeromys,VU,NT,N,2021-3
Hapalomys delacouri,Lesser Marmoset Rat,VU,NT,N,2021-3
Harpyionycteris celebensis,Sulawesi Harpy Fruit Bat,VU,NT,N,2021-1
Hipposideros dinops,Fierce Leaf-nosed Bat,DD,VU,N,2021-3
Hipposideros madurae,Maduran Leaf-nosed Bat,LC,NT,N,2021-2
Hipposideros sorenseni,Sorensen's Leaf-nosed Bat,VU,EN,N,2021-2
Hipposideros stenotis,Northern Leaf-nosed Bat,LC,VU,N,2021-1
Hyperoodon ampullatus,Northern Bottlenose Whale,DD,NT,N,2021-1
Kerivoula myrella,Manus Island Woolly Bat,DD,VU,N,2021-1
Leontopithecus caissara,Black-faced Lion Tamarin,CR,EN,N,2021-3
Loxodonta africana,African Savanna Elephant,VU,EN,N,2021-1
Meriones dahli,Dahl's Jird,EN,CR,G,2021-3
Mico leucippe,Golden-white Bare-ear Marmoset,VU,LC,N,2021-1
Mico marcai,Marca’s Marmoset,DD,VU,N,2021-3
Miniopterus paululus,Philippine Long-fingered Bat,DD,LC,N,2021-2
Myosorex tenuis,Thin Mouse Shrew,DD,EN,N,2021-3
Myotis frater,Fraternal Myotis,DD,LC,N,2021-2
Myotis stalkeri,Stalker's Myotis,DD,LC,N,2021-3
Nyctophilus microdon,Small-toothed Long-eared Bat,DD,LC,N,2021-3
Otomys lacustris,Tanzanian Vlei Rat,VU,LC,N,2021-3
Phoniscus papuensis,Golden-tipped Bat,LC,VU,G,2021-1
Pithecia hirsuta,Hairy Saki,DD,LC,N,2021-3
Plecturocebus olallae,Olalla Brothers’ Titi,EN,CR,G,2021-1
Plerotes anchietae,D'Anchieta's Fruit Bat,DD,LC,N,2021-1
Praomys degraaffi,De Graaff's Praomys,VU,LC,N,2021-3
Presbytis femoralis,Banded Leaf Monkey,VU,CR,N,2021-3
Pteropus capistratus,New Britain Masked Flying Fox,NT,VU,N,2021-3
Pteropus howensis,Ontong Java Flying Fox,DD,CR,N,2021-1
Rhinolophus arcuatus,Arcuate Horseshoe Bat,LC,DD,N,2021-3
Rousettus leschenaultii,Leschenault’s Rousette,LC,NT,N,2021-3
Saimiri oerstedii,Black-crowned Central American Squirrel Mo,keyVU,EN,N,2021-1
Saimiri vanzolinii,Black Squirrel Monkey,VU,EN,N,2021-1
Scotonycteris zenkeri,Zenker's Fruit Bat,LC,NT,N,2021-1
Solomys salebrosus,Bougainville Giant Rat,EN,VU,N,2021-3
Syconycteris carolinae,Halmaheran Blossom Bat,VU,NT,N,2021-1
Trachypithecus barbei,Tenasserim Lutung,DD,VU,N,2021-1
BIRDS (Aves),,,,,
Acridotheres melanopterus,Black-winged Myna,CR,EN,G,2021-3
Alca torda,Razorbill,NT,LC,N,2021-3
Amazilia lilliae,Sapphire-bellied Hummingbird,CR,EN,N,2021-3
Amazona auropalliata,Yellow-naped Amazon,EN,CR,G,2021-3
Amazona barbadensis,Yellow-shouldered Amazon,VU,NT,N,2021-3
Anas aucklandica,Auckland Teal,VU,NT,N,2021-3
Androphobus viridis,Papuan Whipbird,DD,LC,N,2021-3
Anthus antarcticus,South Georgia Pipit,NT,LC,G,2021-3
Anthus pratensis,Meadow Pipit,NT,LC,G,2021-3
Arcanator orostruthus,Dapple-throat,VU,NT,N,2021-3
Arizelocichla milanjensis,Stripe-cheeked Bulbul,LC,NT,N,2021-3
Arizelocichla montana,Cameroon Mountain Greenbul,NT,LC,N,2021-3
Asthenes heterura,Maquis Canastero,NT,LC,N,2021-3
Asthenes huancavelicae,Huancavelica Canastero,NT,LC,N,2021-3
Asthenes usheri,White-tailed Canastero,VU,NT,N,2021-3
Atlapetes melanopsis,Black-spectacled Brush-finch,EN,NT,N,2021-3
Batis reichenowi,Reichenow's Batis,LC,NT,N,2021-3
Bradypterus graueri,Grauer's Swamp-warbler,EN,VU,N,2021-3
Branta sandvicensis,Hawaiian Goose,VU,NT,G,2021-3
Brotogeris pyrrhoptera,Grey-cheeked Parakeet,EN,VU,G,2021-3
Campylorhamphus multostriatus,Xingu Scythebill,LC,NT,G,2021-3
Ceblepyris cucullatus,Comoro Cuckooshrike,VU,EN,N,2021-3
Ceblepyris graueri,Grauer's Cuckooshrike,NT,LC,N,2021-3
Centropus violaceus,Violaceous Coucal,NT,LC,N,2021-3
Ceyx fallax,Sulawesi Dwarf-kingfisher,NT,LC,N,2021-3
Chaetocercus bombus,Little Woodstar,VU,NT,N,2021-3
Charadrius javanicus,Javan Plover,NT,LC,N,2021-3
Charadrius pallidus,Chestnut-banded Plover,NT,LC,N,2021-3
Chelictinia riocourii,Scissor-tailed Kite,LC,VU,G,2021-3
Colaptes fernandinae,Fernandina's Flicker,VU,EN,G,2021-3
Conopophaga cearae,Ceara Gnateater,LC,NT,N,2021-3
Cossypha heinrichi,White-headed Robin-chat,VU,LC,N,2021-3
Crax alector,Black Curassow,VU,LC,N,2021-3
Crossleyia xanthophrys,Madagascar Yellowbrow,NT,LC,N,2021-3
Ducula aenea,Green Imperial-pigeon,LC,NT,N,2021-3
Ducula bakeri,Vanuatu Imperial-pigeon,VU,LC,N,2021-3
Ducula brenchleyi,Chestnut-bellied Imperial-pigeon,VU,NT,G,2021-3
Ducula rubricera,Red-knobbed Imperial-pigeon,NT,LC,N,2021-3
Eleothreptus anomalus,Sickle-winged Nightjar,NT,VU,G,2021-3
Emberizoides duidae,Duida Grass-finch,NT,DD,N,2021-3
Erythropitta ussheri,Black-crowned Pitta,NT,LC,N,2021-3
Eupherusa poliocerca,White-tailed Hummingbird,VU,NT,N,2021-3
Falco vespertinus,Red-footed Falcon,NT,VU,G,2021-3
Geokichla crossleyi,Crossley's Ground-thrush,NT,LC,N,2021-3
Geokichla guttata,Spotted Ground-thrush,EN,VU,N,2021-3
Geospiza pallida,Woodpecker Finch,VU,NT,N,2021-3
Glareola ocularis,Madagascar Pratincole,VU,NT,N,2021-3
Glaucis dohrnii,Hook-billed Hermit,EN,VU,N,2021-3
Graminicola striatus,Chinese Grass-babbler,VU,NT,N,2021-3
Grus japonensis,Red-crowned Crane,EN,VU,G,2021-3
Gyps coprotheres,Cape Vulture,EN,VU,N,2021-3
Habia gutturalis,Sooty Ant-tanager,NT,LC,N,2021-3
Hapalopsittaca amazonina,Rusty-faced Parrot,VU,NT,N,2021-3
Hapalopsittaca fuertesi,Indigo-winged Parrot,CR,EN,G,2021-3
Hapalopsittaca pyrrhops,Red-faced Parrot,VU,LC,N,2021-3
Harpia harpyja,Harpy Eagle,NT,VU,N,2021-3
Icterus northropi,Bahama Oriole,CR,EN,N,2021-3
Indicator pumilio,Dwarf Honeyguide,NT,LC,N,2021-3
Kupeornis chapini,Chapin's Mountain-babbler,NT,LC,N,2021-3
Kupeornis rufocinctus,Red-collared Mountain-babbler,NT,EN,N,2021-3
Larus armenicus,Armenian Gull,NT,LC,G,2021-3
Lepidothrix vilasboasi,Golden-crowned Manakin,VU,LC,N,2021-3
Linaria johannis,Warsangli Linnet,EN,NT,N,2021-3
Loriculus exilis,Pygmy Hanging-parrot,NT,LC,N,2021-3
Loriculus tener,Bismarck Hanging-parrot,NT,LC,G,2021-3
Macrocephalon maleo,Maleo,EN,CR,G,2021-3
Malimbus ballmanni,Gola Malimbe,EN,NT,N,2021-3
Megapodius geelvinkianus,Biak Scrubfowl,VU,NT,N,2021-3
Megapodius laperouse,Micronesian Scrubfowl,EN,NT,N,2021-3
Melanopareia maranonica,Maranon Crescentchest,NT,LC,N,2021-3
Mentocrex beankaensis,Tsingy Wood-rail,NT,VU,N,2021-3
Microcarbo coronatus,Crowned Cormorant,NT,LC,N,2021-3
Mitu tuberosum,Razor-billed Curassow,LC,NT,G,2021-3
Molothrus armenti,Bronze-brown Cowbird,VU,NT,N,2021-3
Myiothlypis basilica,Santa Marta Warbler,VU,NT,N,2021-3
Neopelma aurifrons,Wied's Tyrant-manakin,VU,NT,N,2021-3
Nesillas mariae,Moheli Brush-warbler,LC,EN,N,2021-3
Nesospiza wilkinsi,Wilkins's Finch,EN,CR,G,2021-3
Nisaetus nipalensis,Mountain Hawk-eagle,LC,NT,G,2021-3
Odontophorus dialeucos,Tacarcuna Wood-quail,VU,LC,N,2021-3
Odontophorus gujanensis,Marbled Wood-quail,NT,LC,N,2021-3
Oreotrochilus adela,Wedge-tailed Hillstar,NT,LC,N,2021-3
Otidiphaps insularis,Black-naped Pheasant-pigeon,EN,CR,N,2021-3
Otus insularis,Seychelles Scops-owl,EN,CR,N,2021-3
Oxyura maccoa,Maccoa Duck,VU,EN,G,2021-3
Paradisornis rudolphi,Blue Bird-of-paradise,VU,NT,N,2021-3
Patagioenas subvinacea,Ruddy Pigeon,VU,LC,N,2021-3
Penelope perspicax,Cauca Guan,EN,VU,N,2021-3
Penelope purpurascens,Crested Guan,LC,NT,N,2021-3
Penelope superciliaris,Rusty-margined Guan,LC,NT,G,2021-3
Phyllanthus atripennis,Grey-hooded Capuchin Babbler,NT,VU,N,2021-3
Picathartes oreas,Grey-necked Rockfowl,VU,NT,N,2021-3
Pinaroloxias inornata,Cocos Finch,VU,LC,N,2021-3
Pipile cujubi,Red-throated Piping-guan,LC,VU,G,2021-3
Ploceus megarhynchus,Finn's Weaver,VU,EN,G,2021-3
Ploceus nicolli,Usambara Weaver,EN,NT,N,2021-3
Ploceus ruweti,Lufira Masked Weaver,DD,LC,N,2021-3
Poeoptera femoralis,Abbott's Starling,VU,EN,N,2021-3
Poliolais lopezi,White-tailed Warbler,NT,LC,N,2021-3
Poospiza garleppi,Cochabamba Mountain-finch,EN,NT,N,2021-3
Psophia crepitans,Grey-winged Trumpeter,NT,LC,N,2021-3
Ptilinopus rarotongensis,Rarotonga Fruit-dove,VU,NT,N,2021-3
Pycnonotus penicillatus,Yellow-eared Bulbul,NT,LC,N,2021-3
Rallus semiplumbeus,Bogota Rail,EN,VU,N,2021-3
Ramphastos sulfuratus,Keel-billed Toucan,LC,NT,G,2021-3
Ramphodon naevius,Saw-billed Hermit,NT,LC,N,2021-3
Rhegmatorhina hoffmannsi,White-breasted Antbird,NT,LC,N,2021-3
Rheinardia ocellata,Vietnamese Crested Argus,EN,CR,N,2021-3
Rollulus rouloul,Crested Partridge,NT,VU,G,2021-3
Rynchops flavirostris,African Skimmer,NT,LC,N,2021-3
Salvadorina waigiuensis,Salvadori's Teal,VU,LC,N,2021-3
Saxicola gutturalis,White-bellied Bushchat,NT,LC,N,2021-3
Scepomycter winifredae,Winifred's Warbler,VU,NT,N,2021-3
Scolopax rochussenii,Moluccan Woodcock,EN,VU,N,2021-3
Scytalopus canus,Paramillo Tapaculo,EN,NT,N,2021-3
Scytalopus panamensis,Tacarcuna Tapaculo,VU,NT,N,2021-3
Scytalopus perijanus,Perija Tapaculo,VU,NT,N,2021-3
Spinus siemiradzkii,Saffron Siskin,VU,LC,N,2021-3
Sternula balaenarum,Damara Tern,VU,LC,N,2021-3
Strix butleri,Omani Owl,DD,LC,N,2021-3
Synallaxis hypochondriaca,Great Spinetail,VU,NT,N,2021-3
Synallaxis zimmeri,Russet-bellied Spinetail,EN,VU,N,2021-3
Sypheotides indicus,Lesser Florican,EN,CR,G,2021-3
Tinamus major,Great Tinamou,NT,LC,N,2021-3
Torreornis inexpectata,Zapata Sparrow,VU,NT,N,2021-3
Touit costaricensis,Red-fronted Parrotlet,VU,NT,N,2021-3
Touit stictopterus,Spot-winged Parrotlet,VU,NT,N,2021-3
Turdus bewsheri,Comoro Thrush,LC,NT,N,2021-3
Turdus helleri,Taita Thrush,CR,EN,N,2021-3
Turdus ludoviciae,Somali Thrush,VU,LC,N,2021-3
Xiphorhynchus atlanticus,Atlantic Woodcreeper,LC,VU,N,2021-3
"",,,,,
REPTILES (Reptilia),,,,,
Afrotyphlops gierrai,Usambara Spotted Worm Snake,EN,VU,N,2021-3
Ailuronyx trachygaster,Giant Bronze Gecko,VU,CR,G,2021-3
Aipysurus apraefrontalis,Short-nosed Sea Snake,CR,DD,N,2021-2
Aipysurus foliosquama,Leaf-scaled Sea Snake,CR,DD,N,2021-2
Amblyodipsas rodhaini,Rodhain's Purple-glossed Snake,DD,LC,N,2021-1
Amphisbaena lumbricalis,,DD,EN,N,2021-3
Amphisbaena slevini,Slevin's Worm Lizard,DD,LC,N,2021-3
Amphisbaena tragorrhectes,,DD,LC,N,2021-3
Anisolepis undulatus,Wiegmann's Tree Lizard,VU,DD,N,2021-3
Anolis armouri,Black-throated Stout Anole,NT,EN,N,2021-2
Anolis clivicola,Mountain Anole,LC,NT,N,2021-3
Anolis cusuco,,EN,CR,N,2021-2
Anolis festae,Veronica's Anole,LC,NT,N,2021-3
Anolis longiceps,Navassa Anole,VU,LC,N,2021-2
Anolis maculigula,Rueda's Anole,VU,NT,N,2021-2
Anolis monticola,La Hotte Bush Anole,NT,VU,N,2021-2
Anolis pinchoti,Crab Cay Anole,VU,LC,N,2021-2
Asaccus caudivolvulus,Emirati Leaf-toed Gecko,LC,CR,N,2021-2
Aspidura copei,Cope's Rough-side,DD,EN,N,2021-3
Atractaspis reticulata,Mole Viper,DD,LC,N,2021-1
Bavayia crassicollis,Strand Bavayia,DD,VU,N,2021-2
Bavayia cyclura,Forest Bavayia,DD,EN,N,2021-2
Bavayia exsuccida,Sclerophyll Bavayia,EN,CR,N,2021-2
Bavayia montana,Montane Bavayia,DD,EN,N,2021-2
Bavayia ornata,Ornate Bavayia,EN,CR,N,2021-2
Bavayia pulchella,Pretty Bavayia,NT,EN,N,2021-2
Bavayia sauvagii,Sauvage's Bavayia,DD,EN,N,2021-2
Boiga beddomei,Beddome's Cat Snake,DD,LC,N,2021-2
Boiga multifasciata,Many-banded Tree Snake,DD,LC,N,2021-3
Bothrops alcatraz,Alcatrazes Lancehead,CR,VU,N,2021-3
Bothrops itapetiningae,Sao Paulo Lancehead,LC,VU,N,2021-3
Bothrops pirajai,Piraja's Lancehead,VU,EN,N,2021-3
Brachyorrhos albus,,DD,LC,N,2021-3
Bungarus andamanensis,South Andaman Krait,VU,NT,N,2021-3
Calamaria nuchalis,Narrow-headed Reed Snake,LC,DD,N,2021-3
Calamodontophis paucidens,Tropical Forest Snake,VU,EN,N,2021-3
Caledoniscincus orestes,Panié Litter Skink,EN,VU,N,2021-2
Caledoniscincus terma,Mandjélia litter skink,VU,DD,N,2021-2
Calotes minor,Hardwicke's Bloodsucker,DD,LC,N,2021-3
Centrochelys sulcata,African Spurred Tortoise,VU,EN,G,2021-1
Ceratophora aspera,Rough Nose Horned Lizard,VU,EN,N,2021-3
Chilabothrus angulifer,Cuban Boa,LR/nt,LC,N,2021-2
Chilabothrus monensis,Mona Island Boa,EN,NT,G,2021-2
Clelia hussami,,DD,LC,N,2021-3
Cnemaspis kandiana,Kandy Day Gecko,LC,EN,N,2021-3
Cnemaspis nilagirica,Nilgiri Day Gecko,DD,NT,N,2021-2
Cnemaspis podihuna,Deraniyagala's Gecko,LC,VU,N,2021-3
Cnemaspis tropidogaster,Rough-bellied Day Gecko,DD,CR,N,2021-3
Cnemaspis yercaudensis,Yercaud Day Gecko,LC,EN,G,2021-2
Coleodactylus natalensis,Natal Pigmy Gecko,DD,EN,N,2021-3
Colobodactylus dalcyanus,Vanzolini's Teiid,DD,EN,N,2021-3
Contomastix vacariensis,,DD,VU,N,2021-3
Cordylus rivae,Ethiopian Girdled Lizard,LC,DD,N,2021-1
Cryptoblepharus ater,Black Snake-eyed Skink,DD,VU,N,2021-2
Cynisca schaeferi,Cameroon Worm Lizard,DD,EN,N,2021-2
Cyrtodactylus adleri,Alder’s bow-fingered gecko,LC,EN,N,2021-3
Cyrtodactylus ayeyarwadyensis,,DD,NT,N,2021-3
Cyrtodactylus cavernicolus,Niah Cave Gecko,VU,LC,N,2021-3
Cyrtodactylus gordongekkoi,,DD,CR,N,2021-3
Cyrtodactylus gubernatoris,Sikkimese Bent-toed Gecko,NT,DD,N,2021-3
Cyrtodactylus jeyporensis,Jeypore Ground Gecko,CR,EN,N,2021-2
Cyrtodactylus wakeorum,,DD,EN,N,2021-3
Cyrtodactylus wetariensis,Wetar Bow-fingered Gecko,DD,LC,N,2021-3
Dierogekko insularis,Islands Striped Gecko,NT,EN,N,2021-2
Dierogekko nehoueensis,Striped Gekko,CR,EN,N,2021-2
Dieurostus dussumieri,Kerala Mud Snake,LC,NT,N,2021-3
Dopasia wegneri,Wegner's Glass Lizard,DD,LC,N,2021-3
Elapsoidea chelazzii,Somali Garter Snake,EN,DD,N,2021-1
Elapsoidea nigra,Black Garter Snake,EN,LC,N,2021-3
Epibator greeri,Greers Tree Skink,DD,EN,N,2021-2
Eremiascincus timorensis,,DD,NT,N,2021-3
Eunectes deschauenseei,Dark Spotted Anaconda,DD,LC,N,2021-2
Eurolophosaurus amathites,Amathites Lava Lizard,DD,EN,N,2021-3
Eurydactylodes occidentalis,,CR,EN,N,2021-2
Eurydactylodes symmetricus,Large-scaled Chameleon Gecko,EN,NT,N,2021-2
Eutropis ashwamedhi,Ashwamedh Writhing Skink,VU,EN,N,2021-3
Eutropis bibronii,Bibron's Skink,LC,NT,N,2021-3
Gehyra barea,Banda Island Dtella,EN,LC,N,2021-3
Gekko scabridus,Yunnan Gecko,DD,LC,N,2021-2
Geoscincus haraldmeieri,Meier's Skink,CR,DD,N,2021-2
Gonocephalus lacunosus,Manthey's Forest Dragon,DD,LC,N,2021-3
Gopherus agassizii,Mojave Desert Tortoise,VU,CR,N,2021-2
Gymnophthalmus vanzoi,,DD,LC,N,2021-3
Hardella thurjii,Crowned River Turtle,VU,EN,G,2021-1
Hemidactylus makolowodei,,DD,EN,N,2021-2
Hemidactylus sataraensis,Satara Gecko,VU,CR,G,2021-2
Hemidactylus scabriceps,Scaly Gecko,DD,EN,N,2021-3
Hemidactylus smithi,Smith's Leaf-toed Gecko,DD,LC,N,2021-1
Hemiphyllodactylus aurantiacus,Yercaud Slender Gecko,LC,CR,N,2021-3
Heosemys annandalii,Yellow-headed Temple Turtle,EN,CR,N,2021-1
Heosemys grandis,Giant Asian Pond Turtle,VU,CR,G,2021-2
Hypnale nepa,Sri Lanka Humpnose Viper,LC,EN,N,2021-3
Indotestudo forstenii,Forsten's Tortoise,EN,CR,G,2021-2
Indotyphlops schmutzi,Schmutz's Worm Snake,EN,LC,N,2021-3
Japalura dasi,Agaupani Mountain Lizard,DD,VU,N,2021-3
Kinixys homeana,Home's Hinge-back Tortoise,VU,CR,G,2021-2
Lankascincus deignani,Deignan Tree Skink,EN,CR,N,2021-3
Lankascincus taprobanensis,Ceylon Tree Skink,NT,EN,N,2021-3
Larutia sumatrensis,,DD,LC,N,2021-3
Lepidodactylus flaviocularis,Yellow-eyed Gecko,DD,CR,N,2021-3
Lepidodactylus gardineri,Rotuma Forest Gecko,VU,CR,N,2021-3
Lepidodactylus oligoporus,Mortlock Islands Scaly-toed Gecko,DD,CR,N,2021-3
Lepidodactylus paurolepis,Seventy Islands-Gecko,DD,VU,N,2021-3
Leposternon scutigerum,Shielded Worm Lizard,DD,EN,N,2021-3
Leptosiaphos rhodurus,Red Five-toed Skink,DD,LC,N,2021-2
Letheobia feae,St. Thomas' Beaked Snake,LC,DD,N,2021-2
Letheobia stejnegeri,Stejneger's Beaked Snake,DD,LC,N,2021-1
Liolaemus lutzae,,VU,CR,N,2021-3
Liopeltis rappi,Himalayan Stripe-necked Snake,DD,LC,N,2021-3
Lipinia infralineolata,,LC,VU,G,2021-3
Lissemys punctata,Indian Flapshell Turtle,LR/lc,VU,N,2021-1
Lissemys scutata,Burmese Flapshell Turtle,DD,LC,N,2021-1
Luperosaurus joloensis,Jolo Flapped-legged Gecko,EN,DD,N,2021-3
Luperosaurus kubli,,DD,LC,N,2021-3
Luperosaurus macgregori,Mcgregor's Flapped-legged Gecko,EN,NT,N,2021-3
Lycophidion acutirostre,Mozambique Wolf Snake,LC,DD,N,2021-2
Lyriocephalus scutatus,Lyre Head Lizard,NT,VU,G,2021-3
Malayemys subtrijuga,Mekong Snail-eating Turtle,VU,NT,N,2021-1
Manouria impressa,Impressed Tortoise,VU,EN,G,2021-2
Marmorosphax montana,Montane Marble-throated Skink,VU,EN,N,2021-2
Marmorosphax taom,,CR,EN,N,2021-2
Mauremys mutica,Yellow Pond Turtle,EN,CR,G,2021-2
Mauremys sinensis,Chinese Stripe-necked Turtle,EN,CR,G,2021-2
Microauris aurantolabium,Orange-lipped Forest Lizard,DD,EN,N,2021-3
Monopeltis guentheri,Western Congo Worm Lizard,DD,LC,N,2021-2
Monopeltis jugularis,Gaboon Worm Lizard,DD,LC,N,2021-2
Morenia ocellata,Burmese Eyed Turtle,VU,EN,G,2021-1
Morenia petersi,Indian Eyed Turtle,VU,EN,G,2021-1
Naja oxiana,Central Asian Cobra,DD,NT,N,2021-3
Nannoscincus rankini,Rankin's Dwarf Skink,VU,CR,N,2021-2
Nilssonia formosa,Burmese Peacock Softshell,EN,CR,N,2021-1
Nilssonia gangetica,Indian Softshell Turtle,VU,EN,G,2021-1
Nilssonia hurum,Indian Peacock Softshell Turtle,VU,EN,G,2021-1
Nilssonia leithii,Leith's Softshell Turtle,VU,CR,G,2021-1
Nilssonia nigricans,Black Softshell Turtle,EW,CR,N,2021-1
Oedodera marmorata,Marbled Gecko,CR,EN,N,2021-2
Oligodon calamarius,,DD,EN,N,2021-3
Oligodon erythrorhachis,Namsang Kukri Snake,DD,VU,N,2021-3
Oligodon forbesi,Forbes' Kukri Snake,LC,NT,N,2021-3
Oligodon sublineatus,Duméril's Kukri Snake,LC,VU,N,2021-3
Oligodon unicolor,,LC,NT,N,2021-3
Oligosoma infrapunctatum,Speckled Skink,LR/nt,CR(PE),N,2021-2
Oligosoma notosaurus,Southern Skink,DD,LC,N,2021-2
Palea steindachneri,Wattle-necked Softshell Turtle,EN,CR,G,2021-1
Pamelaescincus gardineri,Gardiner's Burrowing Skink,LC,NT,G,2021-3
Panaspis annobonensis,Annobon Lidless Skink,CR,DD,N,2021-2
Panaspis cabindae,Cabinda Lidless Skink,DD,LC,N,2021-2
Pangshura sylhetensis,Assam Roofed Turtle,EN,CR,G,2021-1
Pangshura tecta,Indian Roofed Turtle,LR/lc,VU,N,2021-1
Paniegekko madjo,High Elevation Bavayia,NT,EN,G,2021-2
Paroedura sanctijohannis,Comoro Ground Gecko,EN,VU,N,2021-3
Pelochelys cantorii,Asian Giant Softshell Turtle,EN,CR,N,2021-2
Phasmasaurus maruia,Maruia Maquis Skink,EN,VU,N,2021-2
Phelsuma comorensis,Comoros Day Gecko,LC,NT,N,2021-3
Phelsuma robertmertensi,Robert Mertens' Day Gecko,EN,NT,N,2021-3
Phoboscincus bocourti,Bocourtâ€TMs Terrific Skink,EN,CR,N,2021-2
Platysaurus imperator,Imperial Flat Lizard,VU,NT,N,2021-2
Platysternon megacephalum,Big-headed Turtle,EN,CR,G,2021-2
Pseuderemias striatus,Peters' Sand Lizard,DD,LC,N,2021-1
Ptyas dipsas,Sulawesi Black Racer,DD,LC,N,2021-3
Python regius,Ball Python,LC,NT,N,2021-2
Rhabdophis ceylonensis,Sri Lankan Keelback,NT,EN,N,2021-3
Rhabdops olivaceus,Olive Forest Snake,LC,NT,N,2021-3
Rhacodactylus trachyrhynchus,Rough-snouted Giant Gecko,EN,VU,N,2021-2
Rhampholeon chapmanorum,Chapman's Pygmy Chameleon,CR(PE),CR,N,2021-1
Rhinophis drummondhayi,Drummond-hay's Earth Snake,NT,EN,N,2021-2
Rhinophis oxyrhynchus,Schneider's Earth Snake,LC,DD,N,2021-2
Ristella rurkii,Rurk's Ristella,DD,NT,N,2021-2
Sacalia quadriocellata,Four-eyed Turtle,EN,CR,G,2021-1
Scincopus fasciatus,Peters' Banded Skink,DD,LC,N,2021-1
Siebenrockiella crassicollis,Black Marsh Turtle,VU,EN,G,2021-2
Sigaloseps deplanchei,Deplanche's Shiny Skink,NT,LC,N,2021-2
Sigaloseps ruficauda,Red-tailed Shiny Skink,VU,CR,N,2021-2
Sphenomorphus tropidonotus,,LC,EN,G,2021-3
Trachischium guentheri,Gunther's Oriental Worm Snake,LC,VU,N,2021-3
Trachylepis bayonii,Bayon's Skink,DD,LC,N,2021-2
Tropidonophis punctiventris,Halmahera Keelback,DD,EN,N,2021-3
Tropidophis hendersoni,Cuban Khaki Trope,CR,EN,N,2021-2
Tropidophorus laotus,Laotian Water Skink,LC,EN,G,2021-3
Tropidurus erythrocephalus,,NT,VU,N,2021-3
Tropidurus psammonastes,,DD,EN,N,2021-3
Urocotyledon weileri,Weiler's Gecko,DD,EN,N,2021-1
Uropeltis arcticeps,Tirunelveli Earth Snake,LC,DD,N,2021-2
Uropeltis ceylanica,Cuvier's Shieldtail,LC,DD,N,2021-2
Varanus flavescens,Yellow Monitor,LR/lc,EN,G,2021-2
Varanus komodoensis,Komodo Dragon,VU,EN,G,2021-2
Xenocalamus michellii,Michell's Quill-snouted Snake,DD,LC,N,2021-1
Zygaspis kafuensis,,DD,LC,N,2021-2
"",,,,,
AMPHIBIANS (Amphibia),,,,,
Allobates algorei,Spotted Nurse Frog,LC,NT,G,2021-1
Allobates chalcopis,Martinique Volcano Frog,VU,CR,G,2021-1
Alytes maurus,Moroccan Midwife Toad,NT,EN,G,2021-3
Amolops archotaphus,Doi Inthanon Rock Frog,LC,DD,N,2021-1
Anomaloglossus praderioi,Sapito Niñera De Praderio,DD,EN,N,2021-1
Anomaloglossus roraima,Sapito Ninera Del Roraima,DD,EN,N,2021-1
Ansonia siamensis,Siamese Stream Toad,VU,EN,N,2021-3
Barbarophryne brongersmai,Brongersma's Toad,NT,LC,N,2021-3
Boulengerula denhardti,Denhardt's Caecilian,DD,CR,N,2021-3
Bufo cryptotympanicus,Cryptotympanum Toad,NT,LC,N,2021-3
Cynops ensicauda,Sword-tailed Newt,EN,VU,N,2021-1
Cynops pyrrhogaster,Japanese Fire-bellied Newt,LC,NT,G,2021-1
Dendropsophus pelidna,Betania Treefrog,LC,NT,G,2021-1
Echinotriton andersoni,Anderson's Crocodile Newt,EN,VU,N,2021-1
Eleutherodactylus alticola,Jamaican Peak Frog,DD,CR,N,2021-1
Eleutherodactylus cooki,Cave Coqui,VU,EN,N,2021-1
Eleutherodactylus cundalli,Cundall's Robber Frog,NT,VU,N,2021-1
Eleutherodactylus fuscus,Jamaican Ear-spotted Frog,CR,EN,N,2021-1
Eleutherodactylus glaucoreius,Blue Mountain Rockfrog,NT,EN,N,2021-1
Eleutherodactylus gossei,Jamaican Forest Frog,LC,VU,N,2021-1
Eleutherodactylus griphus,Cockpit Frog,CR,EN,N,2021-1
Eleutherodactylus gryllus,Cricket Coqui,EN,CR,G,2021-1
Eleutherodactylus jamaicensis,Jamaican Bromeliad Frog,EN,CR,N,2021-1
Eleutherodactylus jasperi,Golden Coqui,CR,CR(PE),N,2021-1
Eleutherodactylus locustus,Locust Coqui,CR,EN,N,2021-1
Eleutherodactylus pantoni,Jamaican Yellow-bellied Frog,NT,VU,N,2021-1
Eleutherodactylus pentasyringos,John Crow Yellow-bellied Frog,VU,EN,N,2021-1
Eleutherodactylus richmondi,Richmond's Coqui,CR,EN,N,2021-1
Eleutherodactylus rogersi,Bahamian Flat-headed Frog,DD,LC,N,2021-1
Eleutherodactylus unicolor,Dwarf Coqui,VU,CR,N,2021-1
Gastrotheca helenae,Helena's Marsupial Frog,DD,EN,N,2021-1
Gracixalus ananjevae,Ananjeva Asian Treefrog,DD,LC,N,2021-3
Gracixalus carinensis,Karin Hills Bushfrog,LC,DD,N,2021-3
Gracixalus quyeti,Quyet's Treefrog,EN,VU,N,2021-3
Hynobius abei,Abe's Salamander,CR,EN,N,2021-1
Hynobius amjiensis,Amji Hynobiid,CR,EN,N,2021-3
Hynobius arisanensis,Arisan Hynobiid,VU,EN,N,2021-3
Hynobius boulengeri,Odaigahara Salamander,VU,EN,N,2021-1
Hynobius dunni,Dunn's Oriental Salamander,EN,VU,N,2021-1
Hynobius guabangshanensis,Guabangshan Hynobiid,DD,CR,N,2021-3
Hynobius katoi,Akaishi Salamander,DD,EN,N,2021-1
Hynobius naevius,Blotched Salamander,LC,EN,N,2021-1
Hynobius okiensis,Oki Salamander,CR,EN,N,2021-1
Hynobius stejnegeri,Smaller Blotched Salamander,LC,NT,N,2021-1
Hynobius tsuensis,Tsushima Salamander,LC,NT,G,2021-3
Hyperolius cystocandicans,Tigoni Reed Frog,NT,EN,G,2021-3
Hyperolius sheldricki,Sheldrick's Reed Frog,LC,DD,N,2021-3
Ichthyophis kohtaoensis,Koa Tao Island Caecilian,LC,DD,N,2021-3
Leptobrachella fuliginosa,,DD,LC,N,2021-3
Leptobrachella sola,Hala Bala Litter Toad,EN,LC,N,2021-3
Leptobrachium buchardi,Buchard’s Spadefoot Toad,DD,EN,N,2021-3
Leptobrachium xanthospilum,Yellow-spotted Spadefood Toad,DD,EN,N,2021-3
Mannophryne cordilleriana,Andean Collared Frog,CR,VU,N,2021-1
Megophrys gerti,Gert's Mountain Toad,DD,EN,N,2021-3
Megophrys hansi,,DD,LC,N,2021-3
Megophrys longipes,Malacca Spadefoot Toad,NT,LC,N,2021-3
Melanophryniscus krauczuki,,DD,LC,N,2021-3
Micryletta erythropoda,Mada Paddy Frog,DD,LC,N,2021-3
Odorrana aureola,Gold-flanked Odorous Frog,DD,LC,N,2021-3
Odorrana bolavensis,Bolaven Odorous Frog,DD,EN,N,2021-3
Odorrana gigatympana,Big-eared Odorous Frog,DD,LC,N,2021-3
Odorrana trankieni,Trankien Frog,DD,NT,N,2021-3
Oreolalax sterlingae,Sterling's Toothed Toad,CR,EN,N,2021-3
Osteopilus crucialis,Jamaican Snoring Frog,EN,VU,N,2021-1
Osteopilus ocellatus,Jamaican Laughing Frog,LC,NT,N,2021-1
Osteopilus wilderi,Jamaican Green Treefrog,EN,VU,N,2021-1
Peltophryne lemur,Puerto Rican Crested Toad,CR,EN,G,2021-1
Philautus abditus,Buon Luoi Shrub Frog,DD,LC,N,2021-3
Phrynobatrachus irangi,Irangi Puddle Frog,EN,CR,N,2021-3
Pleurodeles nebulosus,Algerian Ribbed Newt,VU,LC,N,2021-3
Pristimantis anolirex,Santander Robber Frog,NT,VU,N,2021-1
Pristimantis briceni,,VU,EN,G,2021-1
Pristimantis colostichos,Los Conejos Short-banded Paramo Frog,VU,EN,N,2021-1
Pristimantis culatensis,La Culata’s Paramo Frog,DD,EN,N,2021-1
Pristimantis euphronides,Grenada Frog,EN,CR,N,2021-1
Pristimantis flabellidiscus,Los Aranguren Paramo Frog,DD,VU,N,2021-1
Pristimantis jabonensis,Jabon Paramo Frog,DD,VU,N,2021-1
Pristimantis kareliae,,NT,CR,G,2021-1
Pristimantis pedimontanus,,DD,VU,N,2021-1
Pristimantis rhigophilus,,DD,VU,N,2021-1
Pristimantis telefericus,Merida Cable Car Frog,DD,CR,N,2021-1
Pristimantis thyellus,,DD,CR,N,2021-1
Pseudophilautus abundus,Labungama Shrub Frog,LC,EN,N,2021-3
Pseudophilautus pleurotaenia,Side-striped Shrub Frog,EN,VU,N,2021-3
Pseudophilautus reticulatus,,EN,VU,N,2021-3
Pulchrana banjarana,Highland Swamp Frog,NT,LC,N,2021-3
Quasipaa fasciculispina,Thai Paa Frog,VU,LC,N,2021-3
Rana tsushimensis,Tsushima Brown Frog,LC,NT,G,2021-1
Rhacophorus hoanglienensis,Hoanglien Frog,DD,LC,N,2021-3
Scinax manriquei,Manrique Snouted Treefrog,LC,NT,G,2021-1
Scutiger ningshanensis,Ningshan Lazy Toad,EN,LC,N,2021-3
Sylvirana mortenseni,Koh Chang Island Frog,NT,LC,N,2021-3
Tachiramantis lentiginosus,Guacharaquita Robber Frog,DD,EN,N,2021-1
Tepuihyla rodriguezi,Rodriguez's Amazon Treefrog,DD,NT,N,2021-1
Theloderma laeve,Smooth Bug-eyed Frog,DD,LC,N,2021-3
Theloderma truongsonense,Truong Son Bug-eyed Frog,DD,LC,N,2021-3
Tylototriton verrucosus,Crocodile Newt,LC,NT,N,2021-3
Tylototriton vietnamensis,Vietnamese Crocodile Newt,EN,VU,N,2021-3
Zhangixalus hui,,DD,LC,N,2021-1
Zhangixalus jarujini,,DD,LC,N,2021-3
Zhangixalus minimus,Minimal Treefrog,EN,NT,N,2021-3
Zhangixalus nigropunctatus,,NT,LC,N,2021-3
Zhangixalus owstoni,Owston's Green Tree Frog,LC,NT,N,2021-1
Zhangixalus taipeianus,Taipei Flying Frog,NT,VU,N,2021-3
Zhangixalus yaoshanensis,,EN,NT,G,2021-1
"",,,,,
BONY FISHES (Actinopterygii),,,,,
Acestrorhynchus maculipinna,,LC,DD,N,2021-1
Alosa alabamae,Alabama Shad,DD,NT,N,2021-1
Ancylopsetta kumperae,Foureyed Flounder,DD,LC,N,2021-1
Barbodes cataractae,,DD,CR(PE),N,2021-2
Barbodes manguaoensis,,VU,CR,N,2021-2
Belobranchus belobranchus,Throatspine Gudgeon,DD,LC,N,2021-1
Boesemania microlepis,Smallscale Croaker,NT,DD,N,2021-1
Boroda expatria,,VU,CR,N,2021-2
Clarias macrocephalus,Broadhead Catfish,NT,DD,N,2021-2
Cyclocheilichthys schoppeae,Schoppe's Barb,DD,EN,N,2021-2
Cynoscion acoupa,Acoupa Weakfish,LC,VU,G,2021-1
Gambusia dominicensis,Domingo Mosquito Fish,EN,DD,N,2021-1
Glossogobius hoesei,Hoese's Goby,DD,EN,N,2021-1
Hampala lopezi,,CR,EN,N,2021-2
Laeops kitaharae,Kithara's Flounder,DD,LC,N,2021-1
Lentipes venustus,Venus Goby,DD,LC,N,2021-1
Lucifuga dentata,Toothed Cuban Cusk-Eel,VU,EN,N,2021-1
Lucifuga subterranea,Pez Ciego,VU,EN,N,2021-1
Meiacanthus anema,Threadless Blenny,DD,LC,N,2021-1
Mistichthys luzonensis,,LR/cd,VU,N,2021-2
Mogurnda lineata,Kokoda Mogurnda,LR/lc,EN,N,2021-1
Mogurnda orientalis,Eastern Mogurnda,LR/lc,EN,N,2021-1
Mugilogobius fusculus,Obscure Mangrove Goby,DD,LC,N,2021-1
Omox biporos,Omox Blenny,DD,LC,N,2021-1
Oxyeleotris wisselensis,Paniai Gudgeon,DD,EN,N,2021-1
Pandaka pygmaea,Dwarf Pygmy Goby,CR,DD,N,2021-2
Rasbora baliensis,,VU,LC,N,2021-1
Rasbora everetti,,DD,LC,N,2021-2
Rasbora philippina,Mindanao Rasbora,DD,NT,N,2021-2
Rasbora taytayensis,,DD,VU,N,2021-2
Redigobius oyensi,Oyens Goby,DD,LC,N,2021-1
Samariscus huysmani,Huysman's Righteye Flounder,DD,LC,N,2021-2
Stenogobius psilosinionus,Barcheek Goby,DD,LC,N,2021-1
Sympterichthys unipennis,Smooth Handfish,EX,DD,N,2021-3
Thunnus alalunga,Albacore Tuna,NT,LC,G,2021-2
Thunnus albacares,Yellowfin Tuna,NT,LC,G,2021-2
Thunnus maccoyii,Southern Bluefin Tuna,CR,EN,G,2021-2
Thunnus orientalis,Pacific Bluefin Tuna,VU,NT,N,2021-2
Thunnus thynnus,Atlantic Bluefin Tuna,EN,LC,G,2021-2
Totoaba macdonaldi,Totoaba,CR,VU,N,2021-2
Trichomycterus sandovali,Laucha,LC,VU,N,2021-3
Trichomycterus santanderensis,,LC,CR,N,2021-3
Trichomycterus sketi,,LC,VU,N,2021-3
Trichomycterus uisae,Trepador,LC,VU,N,2021-3
"",,,,,
SHARKS & RAYS (Chondrichthyes),,,,,
Aetobatus narinari,Whitespotted Eagle Ray,NT,EN,N,2021-1
Aetomylaeus bovinus,Duckbill Eagle Ray,DD,CR,N,2021-1
Amblyraja frerichsi,Thickbody Skate,DD,VU,N,2021-2
Apristurus fedorovi,Stout Catshark,DD,LC,N,2021-1
Apristurus japonicus,Japanese Catshark,DD,LC,N,2021-1
Apristurus macrorhynchus,Flathead Catshark,DD,LC,N,2021-1
Atelomycterus baliensis,Bali Catshark,VU,LC,N,2021-2
Bathyraja hesperafricana,West African Skate,DD,LC,N,2021-2
Bathytoshia lata,Brown Stingray,LC,VU,N,2021-2
Brevitrygon imbricata,Bengal Whipray,DD,VU,N,2021-1
Carcharhinus acronotus,Blacknose Shark,NT,EN,G,2021-1
Carcharhinus amblyrhynchoides,Graceful Shark,NT,VU,N,2021-2
Carcharhinus amboinensis,Pigeye Shark,DD,VU,N,2021-2
Carcharhinus borneensis,Borneo Shark,EN,CR,N,2021-2
Carcharhinus hemiodon,Pondicherry Shark,CR(PE),CR,N,2021-1
Carcharhinus isodon,Finetooth Shark,LC,NT,N,2021-1
Carcharhinus leucas,Bull Shark,NT,VU,N,2021-2
Carcharhinus limbatus,Blacktip Shark,NT,VU,N,2021-2
Carcharhinus perezi,Caribbean Reef Shark,NT,EN,G,2021-1
Carcharhinus plumbeus,Sandbar Shark,VU,EN,N,2021-2
Carcharhinus sealei,Blackspot Shark,NT,VU,N,2021-2
Carcharhinus signatus,Night Shark,VU,EN,G,2021-1
Carcharias taurus,Sand Tiger Shark,VU,CR,N,2021-2
Centrophorus tessellatus,Mosaic Gulper Shark,DD,EN,N,2021-1
Centroscyllium excelsum,Highfin Dogfish,DD,NT,N,2021-1
Centroscyllium ritteri,Whitefin Dogfish,DD,LC,N,2021-1
Cephaloscyllium sarawakensis,Sarawak Pygmy Swell Shark,DD,CR,N,2021-2
Cirrhoscyllium japonicum,Saddled Carpetshark,DD,LC,N,2021-1
Dasyatis marmorata,Marbled Stingray,DD,NT,N,2021-2
Dasyatis pastinaca,Common Stingray,DD,VU,N,2021-2
Dipturus doutrei,Javelin Skate,DD,LC,N,2021-2
Dipturus gigas,Giant Skate,DD,NT,N,2021-1
Dipturus macrocauda,Bigtail Skate,DD,NT,N,2021-1
Dipturus tengu,Acutenose Skate,DD,NT,N,2021-1
Etmopterus polli,African Lanternshark,DD,LC,N,2021-2
Etmopterus spinax,Velvet Belly Lanternshark,LC,VU,N,2021-2
Fontitrygon garouaensis,Smooth Stingray,VU,CR,N,2021-2
Fontitrygon margarita,Daisy Whipray,EN,VU,N,2021-2
Fontitrygon margaritella,Pearl Whipray,DD,NT,N,2021-2
Fontitrygon ukpam,Thorny Whipray,EN,CR,N,2021-2
Galeus longirostris,Longnose Sawtail Catshark,DD,LC,N,2021-1
Galeus nipponensis,Broadfin Sawtail Catshark,DD,LC,N,2021-1
Galeus polli,African Sawtail Catshark,LC,VU,N,2021-2
Ginglymostoma cirratum,Atlantic Nurse Shark,DD,VU,N,2021-1
Glyphis garricki,Northern River Shark,CR,VU,N,2021-2
Glyphis glyphis,Speartooth Shark,EN,VU,N,2021-2
Gymnura altavela,Spiny Butterfly Ray,VU,EN,N,2021-1
Gymnura japonica,Japanese Butterfly Ray,DD,VU,N,2021-1
Gymnura micrura,Smooth Butterfly Ray,DD,NT,N,2021-1
Gymnura poecilura,Longtail Butterfly Ray,NT,VU,N,2021-1
Gymnura tentaculata,Tentacled Butterfly Ray,DD,CR,N,2021-1
Gymnura zonura,Zonetail Butterfly Ray,VU,EN,N,2021-1
Hemitriakis japanica,Japanese Topeshark,LC,EN,G,2021-1
Hemitriakis leucoperiptera,Whitefin Topeshark,EN,CR,N,2021-2
Hemitrygon fluviorum,Estuary Stingray,VU,NT,N,2021-2
Hemitrygon izuensis,Izu Stingray,NT,VU,N,2021-1
Himantura uarnak,Coach Whipray,VU,EN,N,2021-2
Hypanus rudis,Smalltooth Stingray,DD,CR,N,2021-2
Leptocharias smithii,Barbeled Houndshark,NT,VU,N,2021-2
Leucoraja leucosticta,Whitedapple Skate,DD,NT,N,2021-2
Loxodon macrorhinus,Sliteye Shark,LC,NT,N,2021-2
Mustelus asterias,Starry Smoothhound,LC,NT,G,2021-1
Mustelus mustelus,Common Smoothhound,VU,EN,N,2021-2
Mustelus norrisi,Narrowfin Smoothhound,DD,NT,N,2021-1
Mustelus punctulatus,Blackspotted Smoothhound,DD,VU,N,2021-1
Mustelus sinusmexicanus,Gulf of Mexico Smoothhound,DD,LC,N,2021-1
Mustelus widodoi,Whitefin Smoothhound,DD,VU,N,2021-2
Myliobatis aquila,Common Eagle Ray,DD,CR,N,2021-1
Myliobatis tobijei,Japanese Eagle Ray,DD,VU,N,2021-1
Narcine atzi,Oman Numbfish,DD,VU,N,2021-2
Narcine prodorsalis,Tonkin Numbfish,DD,EN,N,2021-2
Narcine timlei,Brown Numbfish,DD,VU,N,2021-2
Narke dipterygia,Spottail Sleeper Ray,DD,VU,N,2021-2
Negaprion acutidens,Sharptooth Lemon Shark,VU,EN,N,2021-2
Negaprion brevirostris,Lemon Shark,NT,VU,N,2021-1
Neoraja africana,West African Dwarf Skate,DD,LC,N,2021-2
Okamejei acutispina,Sharpspine Skate,DD,VU,N,2021-1
Okamejei kenojei,Spiny Skate,DD,VU,N,2021-1
Okamejei meerdervoortii,Bigeye Skate,DD,VU,N,2021-1
Okamejei schmidti,Browneye Skate,DD,VU,N,2021-1
Oxynotus centrina,Angular Roughshark,VU,EN,N,2021-2
Oxynotus japonicus,Japanese Roughshark,DD,VU,N,2021-1
Oxynotus paradoxus,Sailfin Roughshark,DD,VU,N,2021-2
Paragaleus pectoralis,Atlantic Weasel Shark,DD,EN,N,2021-2
Paragaleus randalli,Slender Weasel Shark,NT,VU,N,2021-2
Parmaturus pilosus,Salamander Catshark,DD,LC,N,2021-1
Pastinachus ater,Broad Cowtail Ray,LC,VU,N,2021-1
Pateobatis hortlei,Hortle's Whipray,VU,NT,N,2021-2
Platyrhina sinensis,Chinese Fanray,VU,EN,N,2021-1
Raja straeleni,Biscuit Skate,DD,NT,N,2021-2
Rajella sadowskii,Brazilian Skate,DD,LC,N,2021-2
Rhinobatos albomaculatus,Whitespotted Guitarfish,VU,CR,G,2021-1
Rhinobatos annandalei,Bengal Guitarfish,DD,CR,N,2021-2
Rhinobatos irvinei,Spineback Guitarfish,VU,CR,G,2021-1
Rhinobatos jimbaranensis,Jimbaran Guitarfish,VU,CR,N,2021-2
Rhinobatos lionotus,Smoothback Guitarfish,DD,CR,N,2021-2
Rhinobatos penggali,Indonesian Guitarfish,VU,EN,N,2021-2
Rhinobatos rhinobatos,Common Guitarfish,EN,CR,G,2021-1
Rhinobatos schlegelii,Brown Guitarfish,DD,CR,N,2021-1
Rhinoptera javanica,Javanese Cownose Ray,VU,EN,N,2021-2
Rhinoptera marginata,Lusitanian Cownose Ray,NT,CR,G,2021-2
Rhizoprionodon oligolinx,Grey Sharpnose Shark,LC,NT,N,2021-2
Rhizoprionodon porosus,Caribbean Sharpnose Shark,LC,VU,N,2021-1
Scyliorhinus stellaris,Nursehound,NT,VU,N,2021-2
Scymnodon ichiharai,Japanese Velvet Dogfish,DD,VU,N,2021-1
Somniosus pacificus,Pacific Sleeper Shark,DD,NT,N,2021-2
Squalus brevirostris,Japanese Shortnose Spurdog,DD,EN,N,2021-1
Squatina japonica,Japanese Angelshark,VU,CR,N,2021-1
Squatina nebulosa,Clouded Angelshark,VU,EN,N,2021-1
Styracura schmardae,Atlantic Chupare,DD,EN,N,2021-1
Taeniura lymma,Bluespotted Lagoon Ray,NT,LC,N,2021-1
Telatrygon acutirostra,Sharpnose Ray,NT,VU,N,2021-1
Telatrygon zugei,Pale-edge Sharpnose Ray,NT,VU,N,2021-2
Tetronarce nobiliana,Great Torpedo Ray,DD,LC,N,2021-2
Tetronarce tokionis,Longtail Torpedo Ray,DD,LC,N,2021-1
Torpedo bauchotae,Rosette Torpedo,DD,EN,N,2021-2
Torpedo mackayana,West African Torpedo,DD,EN,N,2021-2
Torpedo marmorata,Marbled Torpedo Ray,DD,VU,N,2021-2
Torpedo torpedo,Ocellate Torpedo,DD,VU,N,2021-2
Triakis scyllium,Banded Houndshark,LC,EN,N,2021-1
Zanobatus schoenleinii,Striped Panray,DD,VU,N,2021-2
"",,,,,
BUTTERFLIES & MOTHS (Insecta: Lepidoptera),,,,,
Agrotis crinigera,Larger Native Cutworm,EX,CR,N,2021-3
Agrotis fasciata,Midway Noctuid Moth,EX,CR,N,2021-3
Agrotis kerri,Kerr's Noctuid Moth,EX,CR,N,2021-3
Agrotis laysanensis,Laysan Noctuid Moth,EX,CR,N,2021-3
Agrotis photophila,,EX,CR,N,2021-3
Agrotis procellaris,Procellaris Grotis Noctuid Moth,EX,CR,N,2021-3
Aloeides pringlei,Pringle's Copper,VU,LC,N,2021-3
Iolaus aphnaeoides,Yellow-banded Sapphire,LR/nt,LC,N,2021-3
Parnassius apollo,Apollo,VU,LC,N,2021-1
"",,,,,
DRAGONFLIES & DAMSELFLIES (Insecta: Odonata),,,,,
Anisogomphus ceylonicus,Sri Lankan Clubtail,CR,CR(PE),N,2021-3
Ceylonosticta adami,Adam’s Shadowdamsel,CR,EN,N,2021-3
Ceylonosticta austeni,Austin’s Shadowdamsel,CR,EN,N,2021-3
Ceylonosticta hilaris,Merry Shadowdamsel,CR,EN,N,2021-3
Ceylonosticta montana,Dark Knob-tipped Shadowdamsel,CR,EN,N,2021-3
Ceylonosticta submontana,Bordered Knob-tipped Shadowdamsel,CR,EN,N,2021-3
Ceylonosticta walli,Wall's Shadowdamsel,DD,EN,N,2021-3
Cyclogomphus gynostylus,Transvestite Clubtail,VU,LC,N,2021-3
Elattoneura caesia,Jungle Threadtail,EN,VU,N,2021-3
Elattoneura leucostigma,Smoky-winged Threadtail,CR,EN,N,2021-3
Elattoneura oculata,Two-spotted Threadtail,EN,VU,N,2021-3
Epipleoneura tariana,,DD,LC,N,2021-1
Gomphidia pearsoni,Rivulet Tiger,EN,VU,N,2021-3
Heliogomphus lyratus,Lyrate Grappletail,CR,EN,N,2021-3
Heliogomphus nietneri,Nietner’s Grappletail,CR,EN,N,2021-3
Heliogomphus walli,Wall's Grappletail,NT,VU,N,2021-3
Indocypha katharina,,DD,LC,N,2021-1
Macrogomphus lankanensis,Sri Lankan Forktail,VU,NT,N,2021-3
Microgomphus wijaya,Wijaya’s Scissortail,EN,VU,N,2021-3
Mortonagrion ceylonicum,Sri Lanka Midget,DD,EN,N,2021-3
Nihonogomphus semanticus,,DD,LC,N,2021-1
Onychogomphus cazuma,Cazuma Pincertail,EN,VU,N,2021-2
Orthetrum rubens,Elusive Skimmer,CR,VU,N,2021-3
Philosina buchi,,DD,LC,N,2021-1
Sieboldius alexanderi,Small Dragonhunter,DD,LC,N,2021-1
Sinhalestes orientalis,Emerald Sri Lanka Spreadwing,CR,EN,N,2021-3
Sympetrum dilatatum,St. Helena Darter,CR,EX,N,2021-3
Tetrathemis yerburii,Yerbury’s Elf,EN,VU,N,2021-3
"",,,,,
MOLLUSCS (Mollusca),,,,,
Pseudamnicola pisolinus,,VU,DD,N,2021-1
"",,,,,
MILLIPEDES (Diplopoda),,,,,
Doratogonus barbatus,Bearded Black Millipede,VU,NT,N,2021-2
Doratogonus cristulatus,Cristulate Black Millipede,LC,NT,N,2021-2
Doratogonus falcatus,Sickle-shaped Black Millipede,LC,NT,N,2021-2
Doratogonus herberti,Herbert's Black Millipede,VU,NT,N,2021-2
Doratogonus hoffmani,Hoffman's Black Millipede,VU,NT,N,2021-2
Doratogonus infragilis,Strong Black Millipede,EN,NT,N,2021-2
Doratogonus levigatus,,LC,NT,N,2021-2
Doratogonus liberatus,,DD,NT,N,2021-2
Doratogonus major,Major Black Millipede,CR,NT,N,2021-2
Doratogonus meridionalis,Southern Black Millipede,VU,NT,N,2021-2
Doratogonus minor,Minor Black Millipede,EN,DD,N,2021-2
Doratogonus montanus,Montane Black Millipede,LC,NT,N,2021-2
Doratogonus natalensis,Natal Black Millipede,VU,EN,N,2021-2
Doratogonus praealtus,High-altitude Black Millipede,DD,VU,N,2021-2
Doratogonus precarius,Precarious Black Millipede,VU,DD,N,2021-2
Doratogonus stephensi,Stephens's Black Millipede,DD,LC,N,2021-2
"",,,,,
FLOWERING PLANTS (Liliopsida and Magnoliopsida),,,,,
Abarema longipedunculata,,LR/nt,LC,N,2021-1
Abarema oxyphyllidia,,VU,CR,N,2021-2
Aglaia agglomerata,,LR/nt,LC,N,2021-3
Aglaia brownii,,VU,LC,N,2021-3
Aglaia cremea,,VU,LC,N,2021-2
Aglaia euryanthera,,LR/nt,LC,N,2021-3
Aglaia flavescens,,VU,LC,N,2021-3
Aglaia integrifolia,,VU,CR,N,2021-2
Aglaia lepidopetala,,LR/nt,LC,N,2021-3
Aglaia mackiana,,CR,DD,N,2021-2
Aglaia multinervis,,LR/nt,LC,N,2021-1
Aglaia penningtoniana,,VU,EN,N,2021-2
Aglaia polyneura,,VU,LC,N,2021-3
Aglaia rubrivenia,,VU,CR,N,2021-3
Aglaia tenuicaulis,,VU,LC,N,2021-1
Aiouea benthamiana,,LR/lc,EN,N,2021-2
Aiouea lehmannii,,LR/lc,EN,N,2021-2
Albizia carrii,,VU,NT,N,2021-2
Albizia ferruginea,,VU,NT,N,2021-1
Albizia leonardii,,VU,CR,N,2021-1
Alectryon repandodentatus,,VU,NT,N,2021-3
Allexis obanensis,,VU,EN,N,2021-3
Allophylus agbala,,VU,CR(PE),N,2021-1
Aloe benishangulana,,DD,CR,N,2021-3
Aloe clarkei,,LC,DD,N,2021-3
Alseodaphnopsis hainanensis,,VU,EN,N,2021-3
Alstonia breviloba,,VU,EN,N,2021-2
Anisophyllea griffithii,,LR/lc,NT,N,2021-1
Anisophyllea nitida,,VU,EN,N,2021-3
Annona andicola,Cherimoya de Monte,LR/nt,LC,N,2021-2
Annona bahiensis,,VU,LC,N,2021-3
Annona boliviana,,EN,NT,N,2021-2
Annona calcarata,,EN,VU,N,2021-3
Annona centrantha,,DD,LC,N,2021-1
Annona conica,,EN,VU,N,2021-2
Annona deceptrix,,EN,VU,N,2021-2
Annona deminuta,,VU,LC,N,2021-1
Annona dolichophylla,,VU,LC,N,2021-1
Annona helosioides,,CR,LC,N,2021-2
Annona herzogii,,LR/cd,LC,N,2021-2
Annona jamaicensis,Wild Soursop,LR/nt,VU,N,2021-2
Annona manabiensis,,CR,EN,N,2021-2
Annona neovelutina,,LR/nt,DD,N,2021-2
Annona praetermissa,Wild Cherimoya,VU,DD,N,2021-3
Annona xylopiifolia,,LR/nt,VU,N,2021-3
Arbutus xalapensis,Madrón,LR/cd,LC,N,2021-1
Archidendron forbesii,,VU,EN,N,2021-2
Ateleia popenoei,,DD,CR,N,2021-2
Autranella congolensis,,CR,EN,N,2021-1
Bactris longiseta,Huiscoyol,VU,EN,N,2021-1
Baikiaea plurijuga,Rhodesian-teak,LR/nt,LC,N,2021-3
Balthasaria mannii,,VU,CR,N,2021-3
Beilschmiedia ambigua,,VU,CR(PE),N,2021-1
Beilschmiedia bracteata,,VU,CR,N,2021-3
Beilschmiedia mayumbensis,,VU,EN,N,2021-3
Beilschmiedia vermoesenii,,VU,CR,N,2021-3
Beilschmiedia zeylanica,,EN,VU,N,2021-2
Bivinia jalbertii,,LR/nt,LC,N,2021-2
Blepharidium guatemalense,"Sacjisché, Sagisché",EN,LC,N,2021-1
Brachystegia angustistipulata,,LR/lc,VU,G,2021-1
Brachystegia bakeriana,,VU,LC,N,2021-3
Bulbophyllum platybulbum,,CR,VU,N,2021-3
Bulbophyllum porphyrostachys,,LR/nt,VU,N,2021-3
Buxus vahlii,Diablito de Tres Cuernos,CR,EN,N,2021-2
Calophyllum bicolor,,LR/lc,NT,N,2021-3
Calophyllum brassii,,DD,LC,N,2021-3
Calophyllum collinum,,DD,EN,N,2021-3
Calophyllum heterophyllum,,DD,EN,N,2021-3
Calophyllum hirasimum,,DD,VU,N,2021-3
Calophyllum laticostatum,,DD,NT,N,2021-2
Calophyllum novoguineense,,LR/lc,DD,N,2021-3
Calophyllum persimile,,DD,EN,N,2021-3
Calophyllum piluliferum,,DD,CR,N,2021-3
Calophyllum robustum,,VU,EN,N,2021-2
Calophyllum streimannii,,DD,EN,N,2021-2
Capurodendron ludiifolium,,VU,EN,N,2021-1
Casearia williamsiana,,CR,EN,N,2021-3
Celtis lindheimeri,Lindheimer Hackberry,VU,CR,N,2021-1
Chloroleucon eurycyclum,Quiebrahacho Montañero,VU,DD,N,2021-3
Cinnadenia paniculata,,LR/lc,VU,N,2021-1
Cinnamomum rivulorum,,CR,EN,N,2021-2
Citronella mucronata,Naranjillo,LR/lc,VU,N,2021-3
Cleistanthus evrardii,,VU,CR(PE),G,2021-1
Coccothrinax inaguensis,Thatch Palm,DD,NT,N,2021-2
Connarus popenoei,,CR,EN,N,2021-2
Cordia anisophylla,,VU,LC,N,2021-3
Cordia croatii,,VU,LC,N,2021-2
Cordia leslieae,,CR,VU,N,2021-3
Cornus disciflora,LlorÃ3,VU,LC,N,2021-2
Couratari scottmorii,Copo Hediondo,VU,EN,N,2021-1
Crossopetalum parviflorum,,LR/nt,LC,N,2021-1
Crudia zeylanica,,EX,CR,N,2021-1
Cryosophila cookii,,CR,EN,N,2021-1
Cryosophila grayumii,,CR,VU,N,2021-1
Cryosophila guagara,Guagara,LR/nt,VU,N,2021-1
Cryosophila williamsii,Lago Yojoa Palm,EW,CR,N,2021-1
Cryptocarya mannii,Mann Cryptocarya,LR/nt,EN,N,2021-1
Cupaniopsis acuticarpa,,VU,EN,N,2021-2
Cupaniopsis bullata,,VU,CR,N,2021-2
Cupaniopsis napaensis,,VU,CR(PE),G,2021-2
Cupaniopsis phanerophlebia,,VU,CR,N,2021-1
Cynorkis henrici,,CR,EN,N,2021-1
Dalbergia aurea,,VU,CR,N,2021-1
Dalbergia bracteolata,,LR/nt,LC,N,2021-2
Dalbergia calycina,,LC,VU,N,2021-1
Decatropis paucijuga,,EN,VU,N,2021-1
Dehaasia acuminata,,CR,CR(PE),N,2021-1
Deinbollia longiacuminata,,LR/cd,CR,N,2021-3
Dendropanax sessiliflorus,,VU,LC,N,2021-2
Dialium excelsum,,EN,LC,N,2021-1
Diospyros anosivolensis,,VU,EN,N,2021-1
Diospyros ekodul,,LC,EN,N,2021-3
Diospyros esmereg,,EN,VU,N,2021-3
Diospyros implexicalyx,,VU,EN,N,2021-1
Diospyros subtrinervis,,CR(PE),CR,N,2021-1
Diospyros tero,,VU,CR,N,2021-3
Dipterocarpus validus,,CR,LC,N,2021-1
Disperis nitida,,EN,VU,N,2021-3
Dracaena draco,Canary Island Dragon Tree,VU,EN,G,2021-2
Duguetia peruviana,Chirimollo,CR,EN,N,2021-2
Duguetia schulzii,,VU,DD,N,2021-1
Elaeocarpus acmosepalus,,VU,DD,N,2021-1
Elaeocarpus homalioides,,DD,LC,N,2021-3
Elattostachys aiyurensis,,VU,CR,G,2021-1
Elattostachys goropuensis,,VU,DD,N,2021-1
Endocomia canarioides,,VU,LC,N,2021-1
Entandrophragma angolense,Tiama Mahogany,VU,NT,N,2021-3
Erica nyassana,,VU,EN,N,2021-3
Eriocoelum oblongum,,DD,LC,N,2021-3
Eschweilera beebei,,VU,DD,N,2021-1
Eucryphia glutinosa,Guindo Santo,LR/nt,EN,G,2021-3
Euplassa isernii,,VU,DD,N,2021-1
Geniostoma umbellatum,,VU,DD,N,2021-1
Gloeocarpus patentivalvis,,EN,NT,N,2021-3
Gloeospermum boreale,,CR,LC,N,2021-3
Gongrospermum philippinense,,CR,EN,N,2021-3
Goodyera perrieri,,CR,EN,N,2021-1
Grewia goetzeana,,DD,LC,N,2021-3
Guatteria ferruginea,,DD,LC,N,2021-1
Guioa acuminata,,EN,VU,N,2021-2
Guioa discolor,,EN,VU,N,2021-3
Guioa grandifoliola,,CR,EN,N,2021-1
Guioa molliuscula,,VU,NT,N,2021-1
Guioa normanbiensis,,VU,EN,N,2021-1
Guioa novobritannica,,VU,EN,N,2021-1
Guioa oligotricha,,VU,EN,N,2021-3
Guioa palawanica,,CR,EN,N,2021-2
Guioa reticulata,,CR,EN,N,2021-2
Guioa venusta,,VU,DD,N,2021-3
Handroanthus impetiginosus,Pink Trumpet Tree,LC,NT,N,2021-3
Handroanthus lapacho,Lapacho Amarillo,VU,NT,N,2021-3
Haplocoelopsis africana,,DD,LC,N,2021-3
Hedyosmum correanum,,EN,LC,N,2021-3
Hernandia drakeana,,EX,DD,N,2021-1
Hopea chinensis,,CR,EN,N,2021-3
Hopea ponga,,EN,VU,N,2021-2
Hopea scabra,,DD,CR,N,2021-1
Horsfieldia ampla,,VU,EN,G,2021-1
Horsfieldia ampliformis,,VU,EN,N,2021-1
Horsfieldia clavata,,VU,EN,N,2021-1
Horsfieldia crux-melitensis,,DD,EN,N,2021-1
Horsfieldia sepikensis,,VU,CR,N,2021-1
Horsfieldia squamulosa,,VU,EN,N,2021-1
Horsfieldia urceolata,,VU,EN,N,2021-1
Hypericum socotranum,,LC,EN,N,2021-1
Ilex costaricensis,,VU,LC,N,2021-1
Ilex huachamacariana,,LR/nt,VU,G,2021-1
Ilex ignicola,,LR/nt,EN,G,2021-1
Ilex karuaiana,,VU,DD,N,2021-3
Ilex lasseri,,VU,CR,G,2021-1
Ilex magnifructa,,LR/nt,EN,G,2021-1
Ilex marahuacae,,LR/nt,VU,G,2021-1
Ilex pallida,,VU,LC,N,2021-1
Ilex parvifructa,,VU,EN,G,2021-1
Ilex paujiensis,,LR/nt,EN,G,2021-1
Ilex sessilifructa,,LR/nt,EN,N,2021-1
Ilex sipapoana,,LR/nt,EN,G,2021-1
Ilex steyermarkii,,LR/nt,EN,G,2021-1
Ilex subrotundifolia,,LR/nt,EN,N,2021-1
Ilex vulcanicola,,VU,NT,N,2021-1
Inga bella,Guaba,EN,NT,N,2021-3
Inga canonegrensis,,VU,EN,N,2021-3
Inga jimenezii,,EN,VU,N,2021-3
Inga latipes,,EN,VU,N,2021-3
Inga litoralis,,EN,NT,N,2021-3
Inga skutchii,Guaba,VU,NT,N,2021-3
Jubaea chilensis,Palma Chilena,VU,EN,N,2021-3
Kayea coriacea,,VU,DD,N,2021-1
Kermadecia pronyensis,,VU,NT,N,2021-2
Klarobelia lucida,Fruto de Pavo,EN,VU,N,2021-2
Knema pedicellata,,VU,NT,N,2021-3
Knema piriformis,,LR/cd,VU,N,2021-3
Knema stenocarpa,,VU,NT,N,2021-2
Knema stylosa,,VU,NT,N,2021-3
Lasianthus tomentosus,,EN,LC,N,2021-1
Latania verschaffeltii,Latanier de Rodrigues,EN,CR,G,2021-2
Lennea viridiflora,Chaperno Blanco,VU,LC,N,2021-3
Lithocarpus woodii,,EN,VU,E,2021-3
Litsea ligustrina,,VU,NT,N,2021-1
Livistona mariae,Central Australian Cabbage Palm,LR/cd,LC,N,2021-3
Lonchocarpus molinae,Culebro,CR,LC,N,2021-2
Lonchocarpus sanctuarii,,CR,LC,N,2021-2
Lonchocarpus vallicola,,CR,EN,N,2021-2
Madhuca diplostemon,,EN,CR,N,2021-2
Maerua elegans,,VU,LC,N,2021-1
Magnolia ptaritepuiana,,DD,EN,N,2021-3
Magnolia sabahensis,,LC,VU,N,2021-3
Magnolia vargasiana,,DD,VU,N,2021-2
Mammea grandifolia,,VU,EN,N,2021-1
Mammea novoguineensis,,DD,NT,N,2021-3
Mammea papuana,,VU,DD,N,2021-1
Mammea papyracea,,VU,EN,N,2021-1
Mammea veimauriensis,,VU,EN,N,2021-1
Mangifera caesia,,LR/lc,NT,G,2021-3
Mastixiodendron plectocarpum,,LR/nt,VU,N,2021-3
Matisia sanblasensis,,EN,LC,N,2021-1
Memecylon cinereum,,VU,DD,N,2021-2
Metrosideros humboldtiana,,LR/cd,EN,N,2021-1
Metrosideros punctata,,VU,LC,N,2021-1
Miconia centrosperma,,EN,LC,N,2021-3
Micropholis spectabilis,,VU,LC,N,2021-3
Micropholis suborbicularis,,LR/nt,LC,N,2021-3
Micropholis venamoensis,,VU,LC,N,2021-3
Mitragyna ledermannii,,VU,NT,N,2021-1
Mitragyna stipulosa,,VU,NT,N,2021-1
Mollinedia butleriana,Canjuro,CR,LC,N,2021-2
Myoporum rimatarense,,DD,EX,N,2021-1
Myrcia albobrunnea,,VU,DD,N,2021-1
Myrcia crassimarginata,,VU,LC,N,2021-2
Myrcia crebra,,VU,LC,N,2021-2
Myrcia fasciata,Arrayán,EN,VU,N,2021-2
Myrcia fosteri,,VU,LC,N,2021-1
Myrcia johnstonii,,DD,CR(PE),N,2021-2
Myrcia sessilis,,DD,EN,N,2021-2
Myrcia simulata,,LR/nt,LC,N,2021-2
Myristica brachypoda,,VU,CR,N,2021-3
Myristica brevistipes,,VU,CR,N,2021-1
Myristica byssacea,,VU,DD,N,2021-1
Myristica coacta,,VU,CR,N,2021-1
Myristica dasycarpa,,VU,EN,N,2021-1
Myristica fasciculata,,VU,EN,N,2021-1
Myristica filipes,,DD,EN,N,2021-1
Myristica globosa,,LR/nt,LC,N,2021-3
Myristica incredibilis,,VU,EN,N,2021-1
Myristica inundata,,VU,EN,N,2021-1
Myristica leptophylla,,VU,DD,N,2021-3
Myristica nana,,VU,EN,N,2021-1
Myristica olivacea,,VU,EN,N,2021-1
Myristica ornata,,VU,EN,N,2021-1
Myristica ovicarpa,,VU,EN,N,2021-1
Myristica pachycarpidia,,VU,DD,N,2021-1
Myristica pilosella,,VU,DD,N,2021-1
Myristica psilocarpa,,VU,EN,N,2021-1
Myristica pygmaea,,VU,EN,N,2021-1
Myristica schlechteri,,VU,DD,N,2021-1
Myristica simulans,,VU,CR,G,2021-1
Myristica sinclairii,,VU,EN,N,2021-1
Myristica sogeriensis,,VU,CR,N,2021-1
Nauclea diderrichii,,VU,NT,N,2021-1
Nectandra angusta,Laurel Del Norte,VU,LC,N,2021-1
Nectandra aurea,Laurel,LR/nt,VU,N,2021-1
Nectandra krugii,Bois Doux Avocat,EN,NT,N,2021-1
Nectandra latissima,,VU,LC,N,2021-1
Nectandra ruforamula,Rustytwig Nectandra,LR/nt,EN,G,2021-1
Nectandra wurdackii,,VU,EN,N,2021-3
Neuburgia tubiflora,,VU,DD,N,2021-1
Oncoba ovalis,,LR/nt,LC,N,2021-3
Orania disticha,,DD,LC,E,2021-3
Oreomunnea pterocarpa,Gavilán Blanco,EN,NT,N,2021-3
Ormosia panamensis,Sur Espino,LR/lc,VU,N,2021-3
Osmoxylon arrhenicum,,VU,DD,N,2021-2
Osmoxylon chrysanthum,,VU,DD,N,2021-2
Osmoxylon corneri,,VU,DD,N,2021-2
Osmoxylon ellipsoideum,,VU,DD,N,2021-2
Osmoxylon lanceolatum,,VU,DD,N,2021-2
Osmoxylon reburrum,,VU,DD,N,2021-2
Osmoxylon whitmorei,,VU,DD,N,2021-2
Oxera balansae,,EN,LC,N,2021-1
Pachypodium namaquanum,Elephant's Trunk,LR/nt,LC,N,2021-3
Palaquium philippense,,VU,LC,N,2021-3
Parashorea densiflora,White Seraya,EN,NT,N,2021-3
Pavetta intermedia,,VU,LC,N,2021-3
Perrottetia multiflora,,LR/nt,LC,N,2021-1
Persea borbonia,Redbay,LC,EN,N,2021-3
Persea lingue,Lingue,LR/nt,LC,N,2021-3
Phoebe mathewsii,,VU,CR,N,2021-2
Phoebe scortechinii,,LR/cd,NT,N,2021-1
Pittosporum napaliense,,EN,CR,G,2021-1
Placodiscus paniculatus,,VU,CR,N,2021-1
Planchonella villamilii,White Nato,VU,EN,N,2021-3
Polyscias prolifera,,VU,LC,N,2021-2
Polyspora grandiflora,,DD,EN,N,2021-2
Pouteria anteridata,,LR/nt,LC,N,2021-3
Pouteria arcuata,,VU,LC,N,2021-3
Pouteria areolatifolia,Zapotillo,VU,CR,N,2021-2
Pouteria briocheoides,Zapotillo Colarado,VU,CR,N,2021-1
Pouteria pimichinensis,,LR/nt,LC,N,2021-3
Pouteria psammophila,,EN,NT,N,2021-1
Pouteria puberula,,VU,DD,N,2021-3
Pouteria rigidopsis,,LR/nt,LC,N,2021-3
Pouteria rufotomentosa,Zapotillo de Montana,VU,EN,N,2021-1
Pouteria sipapoensis,,VU,DD,N,2021-3
Pouteria triplarifolia,Zapote Colorado,VU,EN,N,2021-1
Pouteria vernicosa,,VU,LC,N,2021-1
Pradosia argentea,,EX,CR,N,2021-1
Pradosia spinosa,,NT,VU,G,2021-3
Pradosia verticillata,,LR/lc,DD,N,2021-1
Pritchardia perlmanii,,EN,CR,N,2021-1
Pritchardia waialealeana,,VU,CR,N,2021-1
Protium attenuatum,Lansan,DD,EN,N,2021-1
Protium panamense,Copal,LR/nt,LC,N,2021-1
Prunus rubiginosa,,EN,NT,N,2021-2
Prunus subglabra,,VU,EN,N,2021-2
Pseudoxandra williamsii,,VU,DD,N,2021-3
Pseuduvaria cerina,,VU,DD,N,2021-2
Pseuduvaria galeata,,LR/cd,EN,N,2021-2
Pseuduvaria taipingensis,,LR/cd,CR,N,2021-2
Psychotria greenwelliae,,VU,EN,N,2021-1
Psychotria hobdyi,,EN,CR,N,2021-1
Psydrax suborbicularis,,VU,EN,N,2021-2
Pterocarpus santalinus,Red Sanders,NT,EN,N,2021-1
Quintinia oreophila,,LC,EN,N,2021-1
Rapanea erythroxyloides,,VU,NT,N,2021-1
Rhynchosia galpinii,,LC,DD,N,2021-3
Rondeletia formonia,,VU,EN,N,2021-1
Rosselia bracteata,,VU,CR,N,2021-2
Sageraea thwaitesii,,EN,NT,N,2021-1
Salix floridana,Florida Willow,VU,EN,N,2021-3
Santalum macgregorii,,EN,CR,N,2021-1
Schefflera brenesii,,VU,LC,N,2021-2
Schefflera cephalotes,,EN,LC,N,2021-1
Sciodaphyllum seibertii,,DD,VU,N,2021-2
Senegalia montis-usti,Brandberg Acacia,LR/nt,LC,N,2021-3
Senegalia robynsiana,Whip Stick Acacia,LR/nt,LC,N,2021-3
Shorea macrobalanos,Yellow Meranti,CR,VU,N,2021-3
Shorea platyclados,Dark Red Meranti,EN,NT,N,2021-3
Sideroxylon durifolium,,VU,DD,N,2021-1
Sideroxylon eucoriaceum,,VU,EN,N,2021-1
Sideroxylon excavatum,Palo prieto,EN,VU,N,2021-1
Sideroxylon hirtiantherum,,VU,CR,N,2021-2
Sideroxylon ibarrae,,VU,CR,N,2021-2
Sideroxylon peninsulare,,VU,EN,N,2021-1
Sideroxylon retinerve,Zapotillo,CR,EN,N,2021-3
Solanum pabstii,,LC,EN,N,2021-1
Stuhlmannia moavi,,VU,LC,N,2021-2
Symplocos coccinea,Limoncillo,VU,NT,N,2021-2
Symplocos longipes,,LR/cd,EN,N,2021-2
Symplocos sousae,,DD,EN,N,2021-2
Synsepalum glycydora,,VU,EN,N,2021-3
Syzygium fibrosum,,LC,DD,N,2021-3
Terminalia acuminata,,EW,EN,N,2021-3
Terminalia bucidoides,Escobo,EN,LC,N,2021-1
Ternstroemia landae,,CR,LC,N,2021-2
Ternstroemia penangiana,,VU,LC,N,2021-1
Tetrameranthus globuliferus,,NT,VU,N,2021-2
Tetrorchidium microphyllum,,CR,DD,N,2021-3
Tristaniopsis littoralis,,VU,EN,N,2021-2
Vachellia allenii,Cornizuelo,EN,NT,N,2021-1
Vatica chinensis,,CR,EN,N,2021-2
Vatica pentandra,,CR,CR(PE),N,2021-3
Vepris mandangoana,,VU,CR,N,2021-3
Viburnum elatum,Pasilla,LR/cd,LC,N,2021-2
Viburnum hondurense,Colombo,CR,NT,N,2021-3
Vitex gaumeri,Walking Lady,EN,LC,N,2021-1
Washingtonia filifera,Desert Palm,LR/nt,LC,N,2021-1
Xanthocercis rabiensis,,VU,EN,N,2021-3
Xyris boliviana,,VU,CR,G,2021-1
Ziziphus hutchinsonii,,VU,EN,N,2021-2
Zygogynum tanyostigma,,VU,EN,N,2021-1
"",,,,,
FUNGI (Mushrooms and Lichens),,,,,
Anzia centrifuga,Porto Santo Foam Lichen,VU,EN,N,2021-3
Russula galbana,,LC,NT,E,2021-3
