Scientific name,Common name,"IUCN Red List(2016)Category","IUCN RedList (2017)Category","Reason forchange","Red Listversion"
MAMMALS,,,,,
Allactaga tetradactyla,Four-toed Jerboa,VU,DD,N,2017-2
Antilope cervicapra,Blackbuck,NT,LC,N,2017-2
Aotus nancymaae,Nancy Ma’s Night Monkey,LC,VU,G,2017-1
Batomys granti,Cordillera Hairy Tailed Rat,NT,LC,N,2017-3
Cephalophus adersi,Aders' Duiker,CR,VU,N,2017-2
Cephalorhynchus commersonii,Commerson's Dolphin,DD,LC,N,2017-3
Chiropodomys major,Greater Pencil-tailed Tree Mouse,DD,LC,N,2017-2
Chrotomys mindorensis,Lowland Chrotomys,NT,LC,N,2017-2
Crateromys australis,Dinagat Bushy-tailed Cloud Rat,CR,DD,N,2017-2
Crocidura monax,Kilimanjaro Shrew,LC,DD,N,2017-3
Crocidura niobe,Niobe's Shrew,NT,LC,N,2017-2
Crocidura usambarae,Usambara Shrew,EN,VU,N,2017-3
Cryptotis griseoventris,,VU,EN,N,2017-3
Cryptotis meridensis,Merida Small-eared Shrew,LC,VU,N,2017-3
Delphinapterus leucas,Beluga Whale,NT,LC,N,2017-3
Dinomys branickii,Pacarana,VU,LC,N,2017-2
Emballonura furax,New Guinea Sheath-tailed Bat,DD,LC,N,2017-2
Eudorcas tilonura,Heuglin's Gazelle,VU,EN,G,2017-2
Felovia vae,Felou Gundi,DD,LC,N,2017-2
Gazella arabica,Arabian Gazelle,DD,VU,N,2017-2
Gazella gazella,Mountain Gazelle,VU,EN,N,2017-2
Habromys delicatulus,Delicate Deer Mouse,CR,EN,N,2017-2
Hipposideros corynophyllus,Telefomin Leaf-nosed Bat,DD,LC,N,2017-2
Hipposideros edwardshilli,Hill's Leaf-nosed Bat,DD,VU,N,2017-2
Hipposideros muscinus,Fly River Leaf-nosed Bat,DD,LC,N,2017-2
Hipposideros semoni,Semon's Leaf-nosed Bat,DD,LC,N,2017-2
Hylaeamys oniscus,Sowbug Rice Rat,VU,NT,N,2017-2
Kobus leche,Southern Lechwe,LC,NT,G,2017-2
Microtus kikuchii,Taiwan Vole,NT,LC,N,2017-2
Monodon monoceros,Narwhal,NT,LC,N,2017-3
Mormopterus acetabulosus,Mauritian Free-tailed Bat,VU,EN,N,2017-2
Mormopterus loriae,Loria’s Free-tailed Bat,LC,DD,N,2017-3
Neophocaena asiaeorientalis,Narrow-ridged Finless Porpoise,VU,EN,G,2017-3
Neotoma bryanti,Bryant's Woodrat,EN,LC,N,2017-3
Niviventer cremoriventer,Sundaic Arboreal Niviventer,VU,LC,N,2017-2
Niviventer culturatus,Soft-furred Taiwan Niviventer,NT,LC,N,2017-2
Nyctimene malaitensis,Malaita Tube-nosed Bat,DD,LC,N,2017-2
Orcaella brevirostris,Irrawaddy Dolphin,VU,EN,G,2017-3
Orcaella heinsohni,Australian Snubfin Dolphin,NT,VU,N,2017-3
Panthera uncia,Snow Leopard,EN,VU,N,2017-2
Pelea capreolus,Grey Rhebok,LC,NT,G,2017-2
Perognathus alticola,White-eared Pocket Mouse,EN,VU,N,2017-2
Pipistrellus murrayi,Christmas Island Pipistrelle,CR,EX,G,2017-2
Prometheomys schaposchnikowi,Long-clawed Mole Vole,NT,LC,N,2017-2
Pseudocheirus occidentalis,Western Ringtail Possum,VU,CR,G,2017-3
Pteralopex taki,New Georgia Monkey-faced Bat,EN,VU,N,2017-2
Pteropus cognatus,Makira Flying Fox,EN,VU,N,2017-2
Pteropus dasymallus,Ryukyu Flying Fox,NT,VU,N,2017-2
Pteropus mahaganus,Sanborn's Flying Fox,VU,LC,N,2017-2
Pteropus pselaphon,Bonin Flying Fox,CR,EN,N,2017-2
Pteropus rennelli,Rennell Flying Fox,VU,EN,G,2017-2
Pteropus rodricensis,Rodrigues Flying Fox,CR,EN,G,2017-2
Pteropus woodfordi,Dwarf Flying Fox,VU,LC,N,2017-2
Rattus jobiensis,Yapen Rat,NT,LC,N,2017-2
Rattus mindorensis,Mindoro Mountain Rat,DD,LC,N,2017-2
Redunca fulvorufula,Mountain Reedbuck,LC,EN,G,2017-2
Rhynchocyon cirnei,Chequered Sengi,NT,LC,N,2017-2
Saccolaimus mixtus,Papuan Sheath-tailed Bat,DD,NT,N,2017-2
Sicista kluchorica,Kluchor Birch Mouse,NT,LC,N,2017-2
Sousa chinensis,Indo-Pacific Humpback Dolphin,NT,VU,N,2017-3
Sousa teuszii,Atlantic Humpbacked Dolphin,VU,CR,N,2017-3
Sus ahoenobarbus,Palawan Bearded Pig,VU,NT,N,2017-3
Thomasomys incanus,Inca Oldfield Mouse,VU,LC,N,2017-2
Thomasomys ischyrus,Strong-tailed Oldfield Mouse,VU,LC,N,2017-2
Thomasomys kalinowskii,Kalinowski's Oldfield Mouse,VU,LC,N,2017-2
Tragelaphus derbianus,Giant Eland,LC,VU,G,2017-2
Urocitellus brunneus,Norhern Idaho Ground Squirrel,VU,CR,N,2017-2
BIRDS,,,,,
Acrocephalus brevipennis,Cape Verde Swamp-warbler,EN,VU,N,2017-3
Acrocephalus rimitarae,Rimatara Reed-warbler,VU,CR,N,2017-3
Aegotheles wallacii,Wallace's Owlet-nightjar,DD,LC,N,2017-3
Aglaeactis castelnaudii,White-tufted Sunbeam,LC,NT,N,2017-3
Alectroenas sganzini,Comoro Blue-pigeon,LC,NT,N,2017-3
Alopecoenas rubescens,Marquesas Ground-dove,VU,EN,N,2017-3
Amazona auropalliata,Yellow-naped Amazon,VU,EN,N,2017-3
Amazona brasiliensis,Red-tailed Amazon,VU,NT,G,2017-3
Amazona rhodocorytha,Red-browed Amazon,EN,VU,N,2017-3
Ammospiza caudacuta,Saltmarsh Sparrow,VU,EN,N,2017-3
Anthus crenatus,Yellow-tufted Pipit,LC,NT,N,2017-3
Anthus hoeschi,Mountain Pipit,LC,NT,N,2017-3
Aplonis brunneicapillus,White-eyed Starling,EN,VU,N,2017-3
Aplonis santovestris,Mountain Starling,VU,EN,N,2017-3
Apteryx mantelli,Northern Brown Kiwi,EN,VU,G,2017-3
Apteryx rowi,Okarito Kiwi,EN,VU,G,2017-3
Automolus lammi,Pernambuco Foliage-gleaner,VU,EN,N,2017-3
Batis minima,Gabon Batis,NT,LC,N,2017-3
Brachypodius fuscoflavescens,Andaman Bulbul,NT,LC,N,2017-3
Bubo scandiacus,Snowy Owl,LC,VU,N,2017-3
Buteo trizonatus,Forest Buzzard,LC,NT,N,2017-3
Cacomantis aeruginosus,Moluccan Cuckoo,NT,LC,N,2017-3
Calcarius ornatus,Chestnut-collared Longspur,NT,VU,N,2017-3
Casuarius casuarius,Southern Cassowary,VU,LC,N,2017-3
Casuarius unappendiculatus,Northern Cassowary,VU,LC,N,2017-3
Certhidea olivacea,Green Warbler-finch,LC,VU,N,2017-3
Ceyx gentianus,San Cristobal Dwarf-kingfisher,NT,LC,N,2017-3
Chaetops aurantius,Drakensberg Rockjumper,LC,NT,N,2017-3
Chaetops frenatus,Cape Rockjumper,LC,NT,N,2017-3
Charadrius obscurus,Southern Red-breasted Plover,EN,CR,G,2017-3
Cinnyris ursulae,Ursula's Sunbird,NT,LC,N,2017-3
Circus maurus,Black Harrier,VU,EN,N,2017-3
Cisticola aberdare,Aberdare Cisticola,EN,VU,N,2017-3
Conothraupis mesoleuca,Cone-billed Tanager,CR,EN,N,2017-3
Coua verreauxi,Verreaux's Coua,NT,LC,N,2017-3
Crithagra leucoptera,Protea Canary,LC,NT,N,2017-3
Crithagra melanochroa,Kipengere Seedeater,NT,LC,N,2017-3
Cryptospiza shelleyi,Shelley's Crimsonwing,VU,EN,N,2017-3
Cyanoramphus novaezelandiae,Red-fronted Parakeet,NT,LC,N,2017-3
Cyclopsitta coxeni,Coxen's Fig-parrot,CR,EN,N,2017-3
Dendrocitta bayleii,Andaman Treepie,NT,VU,N,2017-3
Dendropicos dorae,Arabian Woodpecker,VU,NT,N,2017-3
Dicaeum proprium,Whiskered Flowerpecker,NT,LC,N,2017-3
Dicrurus andamanensis,Andaman Drongo,NT,LC,N,2017-3
Diomedea antipodensis,Antipodean Albatross,VU,EN,G,2017-3
Dryocopus hodgei,Andaman Woodpecker,NT,VU,N,2017-3
Emberiza aureola,Yellow-breasted Bunting,EN,CR,G,2017-3
Emberiza socotrana,Socotra Bunting,VU,NT,N,2017-3
Epimachus fastosus,Black Sicklebill,VU,LC,N,2017-3
Eriocnemis mirabilis,Colorful Puffleg,CR,EN,N,2017-3
Estrilda poliopareia,Anambra Waxbill,VU,NT,N,2017-3
Eumyias albicaudatus,Nilgiri Flycatcher,NT,LC,N,2017-3
Eunymphicus uvaeensis,Ouvea Parakeet,EN,VU,N,2017-3
Euptilotis neoxenus,Eared Quetzal,NT,LC,N,2017-3
Falco concolor,Sooty Falcon,NT,VU,N,2017-3
Ficedula nigrorufa,Black-and-orange Flycatcher,NT,LC,N,2017-3
Fraseria tessmanni,Tessmann's Flycatcher,DD,LC,N,2017-3
Garrulax mitratus,Chestnut-capped Laughingthrush,LC,NT,G,2017-3
Geocolaptes olivaceus,Ground Woodpecker,LC,NT,N,2017-3
Geothlypis beldingi,Belding's Yellowthroat,EN,VU,N,2017-3
Goldmania violiceps,Violet-capped Hummingbird,LC,NT,N,2017-3
Haematopus moquini,African Oystercatcher,NT,LC,N,2017-3
Haliaeetus leucoryphus,Pallas's Fish-eagle,VU,EN,N,2017-3
Hemitriccus kaempferi,Kaempfer's Tody-tyrant,EN,VU,N,2017-3
Henicorhina anachoreta,Hermit Wood-wren,LC,NT,N,2017-3
Herpsilochmus gentryi,Ancient Antwren,NT,LC,N,2017-3
Heteroglaux blewitti,Forest Owlet,CR,EN,N,2017-3
Heteromirafra ruddi,Rudd's Lark,VU,EN,N,2017-3
Hypocnemis ochrogyna,Rondonia Antwarbler,LC,VU,N,2017-3
Hypsipetes borbonicus,Reunion Bulbul,LC,NT,N,2017-3
Incaspiza ortizi,Grey-winged Inca-finch,VU,LC,N,2017-3
Kittacincla albiventris,Andaman Shama,NT,LC,N,2017-3
Kupeornis gilberti,White-throated Mountain-babbler,EN,VU,N,2017-3
Lanius ludovicianus,Loggerhead Shrike,LC,NT,N,2017-3
Lanius meridionalis,Iberian Grey Shrike,LC,VU,G,2017-3
Leptodon forbesi,White-collared Kite,CR,EN,N,2017-3
Lybius leucogaster,White-bellied Barbet,LC,EN,N,2017-3
Macropygia rufipennis,Andaman Cuckoo-dove,NT,LC,N,2017-3
Malaconotus alius,Uluguru Bush-shrike,CR,EN,N,2017-3
Malindangia mcgregori,McGregor's Cuckooshrike,NT,LC,N,2017-3
Megacrex inepta,New Guinea Flightless Rail,NT,LC,N,2017-3
Melanocharis arfakiana,Obscure Berrypecker,DD,LC,N,2017-3
Melignomon eisentrauti,Yellow-footed Honeyguide,DD,NT,N,2017-3
Mimus trifasciatus,Floreana Mockingbird,CR,EN,G,2017-3
Mirafra cheniana,Melodious Lark,NT,LC,N,2017-3
Monticola explorator,Sentinel Rock-thrush,LC,NT,N,2017-3
Morus capensis,Cape Gannet,VU,EN,N,2017-3
Myrmotherula klagesi,Klages's Antwren,NT,VU,G,2017-3
Myzomela batjanensis,Bacan Myzomela,NT,VU,N,2017-3
Nestor notabilis,Kea,VU,EN,G,2017-3
Ninox affinis,Andaman Boobook,NT,LC,N,2017-3
Ninox granti,Guadalcanal Boobook,VU,NT,N,2017-3
Ninox spilonotus,Romblon Boobook,VU,EN,N,2017-3
Ninox sumbaensis,Least Boobook,NT,EN,N,2017-3
Nyctiprogne vielliardi,Bahian Nighthawk,NT,LC,N,2017-3
Onychoprion aleuticus,Aleutian Tern,LC,VU,N,2017-3
Otus balli,Andaman Scops-owl,NT,LC,N,2017-3
Otus capnodes,Anjouan Scops-owl,CR,EN,N,2017-3
Otus moheliensis,Moheli Scops-owl,CR,EN,N,2017-3
Otus pauliani,Grand Comoro Scops-owl,CR,EN,N,2017-3
Oxyura maccoa,Maccoa Duck,NT,VU,G,2017-3
Passer italiae,Italian Sparrow,LC,VU,N,2017-3
Pedionomus torquatus,Plains-wanderer,EN,CR,G,2017-3
Pelecanus crispus,Dalmatian Pelican,VU,NT,G,2017-3
Phylloscartes ceciliae,Alagoas Tyrannulet,EN,CR,N,2017-3
Pionus reichenowi,Blue-breasted Parrot,LC,VU,N,2017-3
Poicephalus robustus,Cape Parrot,LC,VU,N,2017-3
Pomarea iphis,Iphis Monarch,VU,CR,N,2017-3
Procellaria westlandica,Westland Petrel,VU,EN,G,2017-3
Promerops gurneyi,Gurney's Sugarbird,LC,NT,N,2017-3
Ptilopachus nahani,Nahan's Partridge,EN,VU,N,2017-3
Pyrrhura griseipectus,Grey-breasted Parakeet,CR,EN,N,2017-3
Pyrrhura leucotis,White-eared Parakeet,NT,VU,N,2017-3
Rallicula mayri,Mayr's Forest-rail,DD,LC,N,2017-3
Rallina canningi,Andaman Crake,NT,LC,N,2017-3
Rissa tridactyla,Black-legged Kittiwake,LC,VU,G,2017-3
Schistolais leontica,Sierra Leone Prinia,VU,EN,N,2017-3
Semioptera wallacii,Standardwing Bird-of-paradise,NT,LC,N,2017-3
Setophaga angelae,Elfin Woods Warbler,VU,EN,N,2017-3
Sittiparus owstoni,Izu Tit,NT,EN,N,2017-3
Spelaeornis kinneari,Pale-throated Wren-babbler,VU,NT,N,2017-3
Spilornis elgini,Andaman Serpent-eagle,NT,VU,N,2017-3
Sporophila maximiliani,Great-billed Seed-finch,VU,EN,G,2017-3
Strix butleri,Omani Owl,LC,DD,E,2017-1
Sylvia buryi,Yemen Warbler,VU,NT,N,2017-3
Sylvia nigricapillus,Bush Blackcap,NT,VU,N,2017-3
Synallaxis hellmayri,Red-shouldered Spinetail,NT,LC,N,2017-3
Synallaxis tithys,Blackish-headed Spinetail,EN,VU,N,2017-3
Thalassarche melanophris,Black-browed Albatross,NT,LC,N,2017-3
Todiramphus nigrocyaneus,Blue-black Kingfisher,DD,NT,N,2017-3
Todirostrum viridanum,Maracaibo Tody-flycatcher,NT,LC,N,2017-3
Troglodytes cobbi,Cobb's Wren,VU,LC,G,2017-3
Turdus menachensis,Yemen Thrush,VU,NT,N,2017-3
Uroglaux dimorpha,Papuan Hawk-owl,DD,LC,N,2017-3
Vini ultramarina,Ultramarine Lorikeet,EN,CR,N,2017-3
Vireo bairdi,Cozumel Vireo,LC,NT,N,2017-3
Xipholena atropurpurea,White-winged Cotinga,EN,VU,N,2017-3
REPTILES,,,,,
Achalinus werneri,Amami Takachiho Snake,VU,NT,N,2017-3
Acontias breviceps,Short-headed Legless Skink,NT,LC,N,2017-1
Acontias rieppeli,Woodbush Legless Skink,VU,EN,N,2017-1
Anadia pulchella,Ruthven's Anadia,VU,NT,N,2017-2
Aprasia aurita,Eared Worm-lizard,CR,NT,N,2017-3
Aspidites ramsayi,Woma,EN,LC,N,2017-3
Bitis inornata,Plain Mountain Adder,VU,EN,N,2017-1
Bradypodion dracomontanum,Drakensberg Dwarf Chameleon,LC,NT,N,2017-1
Bradypodion thamnobates,Natal Midlands Dwarf Chameleon,LR/nt,VU,N,2017-1
Calamaria pfefferi,Pfeffer's Reed Snake,DD,EN,N,2017-3
Callopistes maculatus,Spotted False Monitor,DD,LC,N,2017-2
Celestus duquesneyi,Blue-tailed Galliwasp,DD,CR,N,2017-2
Celestus occiduus,Jamaica Giant Galliwasp,EX,CR,N,2017-2
Chelonoidis chathamensis,San Cristóbal Giant Tortoise,VU,EN,N,2017-3
Chelonoidis duncanensis,Pinzón Giant Tortoise,EW,VU,N,2017-3
Chelonoidis porteri,Western Santa Cruz Giant Tortoise,EN,CR,N,2017-3
Contomastix vittata,,CR,VU,N,2017-2
Cordylus aridus,Dwarf Karoo Girdled Lizard,EN,LC,N,2017-1
Cordylus mclachlani,Mclachlan's Girdled Lizard,VU,LC,N,2017-1
Cryptactites peringueyi,Salt Marsh Gecko,DD,CR,N,2017-1
Ctenoblepharys adspersa,Cabezona,NT,VU,N,2017-2
Ctenophorus yinnietharra,Yinnietharra Rock Dragon,VU,LC,N,2017-3
Ctenotus lancelini,Lancelin Island Skink,VU,CR,N,2017-3
Ctenotus zastictus,Hamelin Ctenotus,VU,NT,G,2017-3
Delma impar,Striped Legless Lizard,VU,EN,G,2017-3
Denisonia maculata,Ornamental Snake,VU,DD,N,2017-3
Dipsas sanctijoannis,Tropical Snail-eater,DD,LC,N,2017-2
Echiopsis curta,Bardick,NT,LC,N,2017-3
Elapognathus minor,Little Brown Snake,LR/nt,LC,N,2017-3
Emoia nativitatis,Christmas Island Whiptail-skink,CR,EX,G,2017-3
Erythrolamprus williamsi,Williams' Ground Snake,EN,NT,N,2017-2
Gerrhosaurus typicus,Karoo Plated Lizard,LR/nt,LC,N,2017-1
Goggia gemmula,Richtersveld Pygmy Gecko,DD,NT,N,2017-1
Goggia microlepidota,Small-scaled Gecko,LR/nt,LC,N,2017-1
Goniurosaurus kuroiwae,Kuroiwa's Ground Gecko,EN,VU,N,2017-3
Gymnophthalmus pleii,Rough-scaled Worm Lizard,EN,NT,N,2017-2
Homopholis mulleri,Muller's Velvet Gecko,LR/nt,VU,G,2017-1
Homopus signatus,Speckled Dwarf Tortoise,LR/nt,VU,G,2017-1
Inyoka swazicus,Swazi Rock Snake,LR/nt,LC,N,2017-1
Lamprophis fiskii,Fisk's Snake,DD,LC,N,2017-1
Lamprophis fuscus,Yellow-bellied Snake,LR/nt,LC,N,2017-1
Lepidodactylus listeri,Christmas Island Chained Gecko,VU,EW,G,2017-3
Liolaemus curicensis,Curicen Tree Iguana,DD,LC,N,2017-2
Liolaemus curis,,DD,CR,N,2017-2
Liolaemus maldonadae,,DD,LC,N,2017-2
Liolaemus mapuche,,DD,LC,N,2017-2
Liolaemus paulinae,,DD,CR,N,2017-2
Liolaemus signifer,Zodiac Tree Iguana,LC,NT,N,2017-2
Liolaemus walkeri,,DD,NT,N,2017-2
Liolaemus williamsi,,DD,LC,N,2017-2
Ouroborus cataphractus,Armadillo Girdled Lizard,VU,LC,N,2017-1
Pareas iwasakii,Iwasaki's Snail-eater,DD,NT,N,2017-3
Perochirus ateles,Micronesia Saw-tailed Gecko,EN,VU,N,2017-3
Platysaurus relictus,Soutpansberg Flat Lizard,LR/nt,LC,G,2017-1
Plestiodon kishinouyei,Japanese Skink,LR/nt,VU,N,2017-3
Polychrus peruvianus,,DD,VU,N,2017-2
Pristidactylus alvaroi,,DD,EN,N,2017-2
Pristidactylus valeriae,,DD,EN,N,2017-2
Pseudemoia baudini,Baudin’s Skink,DD,LC,N,2017-3
Ramphotyphlops exocoeti,Christmas Island Blind Snake,VU,EN,G,2017-3
Scelotes guentheri,Günther's Dwarf Burrowing Skink,VU,EX,N,2017-1
Scelotes inornatus,Durban Dwarf Burrowing Skink,EN,CR,N,2017-1
Scelotes kasneri,Kasner's Dwarf Burrowing Skink,VU,NT,N,2017-1
Sphaerodactylus torrei,Cuban Broad-banded Sphaero,VU,EN,N,2017-3
Telescopus rhinopoma,Indian Desert Tiger Snake,LC,DD,N,2017-2
Typhlosaurus lomiae,Lomi's Blind Legless Skink,VU,NT,N,2017-1
Xenocalamus transvaalensis,Speckled Quill-snouted Snake,DD,LC,N,2017-1
AMPHIBIANS,,,,,
Afrixalus nigeriensis,Nigeria Banana Frog,NT,LC,N,2017-2
Agalychnis moreletii,Morelet's Treefrog,CR,LC,N,2017-3
Allobates wayuu,,VU,LC,N,2017-3
Alsodes barrioi,Cabreria Spiny-chest Frog,VU,EN,N,2017-2
Alsodes norae,,DD,EN,N,2017-2
Ameerega ingeri,Niceforo's Poison Frog,CR,DD,N,2017-3
Amietia ruwenzorica,Ruwenzori River Frog,DD,LC,N,2017-2
Amietia tenuoplicata,Amani River Frog,NT,LC,N,2017-2
Amnirana longipes,Bamileke Plateau Frog,VU,LC,N,2017-2
Amolops compotrix,,DD,LC,N,2017-2
Amolops cucae,,DD,EN,N,2017-2
Amolops minutus,,DD,EN,N,2017-2
Amolops spinapectoralis,,DD,LC,N,2017-2
Amolops splendissimus,,DD,VU,N,2017-2
Amolops vitreus,Vitreous Cascade Frog,DD,VU,N,2017-2
Andinobates altobueyensis,Alto de Buey Poison Frog,VU,DD,N,2017-3
Andinobates bombetes,Cauca Poison Frog,EN,VU,N,2017-3
Andinobates daleswansoni,,VU,EN,N,2017-3
Andinobates viridis,Green Poison Frog,VU,CR,N,2017-3
Andinobates virolinensis,Santander Poison Frog,EN,VU,N,2017-3
Ansonia inthanon,,DD,LC,N,2017-2
Ansonia kraensis,,DD,LC,N,2017-2
Arthroleptis nlonakoensis,,DD,EN,N,2017-2
Astylosternus diadematus,Victoria Night Frog,VU,LC,N,2017-2
Astylosternus fallax,Fopouanga Night Frog,EN,VU,N,2017-2
Astylosternus montanus,Mountain Night Frog,NT,LC,N,2017-2
Astylosternus rheophilus,Cameroon Range Night Frog,VU,NT,N,2017-2
Atelopus carauta,Rio Carauta Stubfoot Toad,CR,DD,N,2017-3
Atelopus carrikeri,Guajira Stubfoot Toad,CR,EN,N,2017-3
Atelopus galactogaster,Antado Stubfoot Toad,CR,DD,N,2017-3
Atelopus guitarraensis,,CR,DD,N,2017-3
Atelopus lozanoi,Lynch's Stubfoot Toad,CR,EN,N,2017-3
Atelopus mandingues,,CR,DD,N,2017-3
Atelopus muisca,La Arboleda Stubfoot Toad,CR,EN,N,2017-3
Atelopus spurrelli,Condoto Stubfoot Toad,VU,NT,N,2017-3
Atelopus walkeri,Walker's Stubfoot Toad,CR,DD,N,2017-3
Bolitoglossa savagei,Savage's Mushroomtongue Salamander,DD,NT,N,2017-2
Bolitoglossa silverstonei,Silverstone's Mushroomtongue Salamander,VU,DD,N,2017-3
Bolitoglossa tatamae,,NT,EN,N,2017-2
Boophis schuboeae,,DD,EN,N,2017-2
Breviceps bagginsi,Bilbo's Rain Frog,VU,NT,N,2017-2
Breviceps macrops,Desert Rain Frog,VU,NT,N,2017-2
Cacosternum platys,Smooth Dainty Frog,LC,NT,N,2017-2
Capensibufo rosei,Rose’s Mountain Toadlet,VU,CR,N,2017-2
Cardioglossa alsco,,CR,EN,N,2017-2
Cardioglossa nigromaculata,Blackspotted Long-fingered Frog,NT,LC,N,2017-2
Cardioglossa schioetzi,Acha Tugi Long-fingered Frog,EN,VU,N,2017-2
Centrolene savagei,Savage's Cochran Frog,VU,LC,N,2017-3
Cochranella megistra,Urrao Cochran Frog,NT,EN,N,2017-2
Colostethus agilis,Cauca Rocket Frog,NT,EN,N,2017-3
Colostethus fraterdanieli,Santa Rita Rocket Frog,NT,LC,N,2017-3
Colostethus mertensi,Mertens' Rocket Frog,EN,VU,N,2017-3
Colostethus ucumari,,LC,EN,N,2017-2
Cryptobatrachus boulengeri,Boulenger's Backpack Frog,EN,VU,N,2017-2
Cryptobatrachus fuhrmanni,Fuhrmann's Backpack Frog,VU,LC,N,2017-3
Dendropsophus stingi,Kaplan's Garagoa Treefrog,VU,LC,N,2017-3
Didynamipus sjostedti,Four-digit Toad,EN,VU,N,2017-2
Dyscophus antongilii,Tomato Frog,NT,LC,N,2017-2
Feihyla hansenae,,DD,LC,N,2017-2
Fejervarya triora,,DD,LC,N,2017-2
Gastrotheca antomia,,VU,CR,G,2017-3
Gastrotheca aureomaculata,Gold-spotted Marsupial Frog,NT,EN,G,2017-2
Gastrotheca bufona,Antioquia Marsupial Frog,EN,VU,N,2017-3
Gastrotheca ruizi,Ruiz's Marsupial Frog,EN,NT,N,2017-2
Hemisus guttatus,Spotted Snout-burrower,VU,NT,N,2017-2
Hyla nicefori,Colombian Backpack Frog,CR,DD,N,2017-3
Hyloscirtus callipeza,Sardinata Treefrog,NT,VU,N,2017-2
Hyloscirtus lynchi,Lynch's Colombian Treefrog,EN,CR,N,2017-3
Hyloscirtus simmonsi,Simmons' Treefrog,EN,VU,N,2017-3
Hyloxalus fascianigrus,Rana Saltarina de Brazalete,NT,VU,N,2017-2
Hyperolius bopeleti,Dizangue Reed Frog,NT,VU,N,2017-2
Hyperolius cinereus,Monard's Reed Frog,DD,LC,N,2017-2
Hypodactylus latens,Boqueron Robber Frog,EN,VU,N,2017-3
Kassina decorata,Decorated Running Frog,DD,VU,N,2017-2
Leptobrachium banae,,VU,LC,N,2017-2
Leptobrachium ngoclinhense,,DD,EN,N,2017-2
Leptodactylodon albiventris,Whitebelly Egg Frog,VU,EN,N,2017-2
Leptodactylodon bicolor,Mountain Egg Frog,VU,NT,N,2017-2
Leptodactylodon boulengeri,Boulenger's Egg Frog,VU,NT,N,2017-2
Leptodactylodon bueanus,,VU,EN,N,2017-2
Leptodactylodon ovatus,Cameroon Egg Frog,NT,LC,N,2017-2
Leptodactylodon wildi,,EN,CR,N,2017-2
Leptolalax firthi,,VU,EN,N,2017-2
Leptolalax pluvialis,,DD,EN,N,2017-2
Leptolalax solus,,DD,EN,N,2017-2
Leptolalax sungi,,DD,LC,N,2017-2
Limnonectes doriae,Burmese Wart Frog,DD,LC,N,2017-2
Limnonectes limborgi,,DD,LC,N,2017-2
Limnonectes macrognathus,,DD,LC,N,2017-2
Mantella bernhardi,Bernhard's Mantella,EN,VU,N,2017-2
Mantella crocea,Eastern Golden Frog,EN,VU,N,2017-2
Mantella pulchra,Parker's Golden Frog,VU,NT,N,2017-2
Mantidactylus albofrenatus,Eastern Madagascar Frog,DD,EN,N,2017-2
Mantidactylus bourgati,,DD,EN,N,2017-2
Mantidactylus delormei,,VU,EN,N,2017-2
Mantidactylus noralottae,,VU,DD,N,2017-2
Mantidactylus tricinctus,,DD,VU,N,2017-2
Mantidactylus zolitschka,,DD,CR,N,2017-2
Megophrys lekaguli,,DD,LC,N,2017-2
Microhyla annamensis,Vietnam Rice Frog,LC,VU,N,2017-2
Niceforonia adenobrachia,,CR,EN,N,2017-3
Nymphargus armatus,,VU,CR,N,2017-3
Nymphargus ignotus,Lynch's Cochran Frog,NT,LC,N,2017-2
Nymphargus truebae,Trueb's Cochran Frog,DD,CR,N,2017-3
Occidozyga vittata,Striped Oriental Frog,DD,LC,N,2017-2
Odorrana bacboensis,Tonkin Frog,DD,LC,N,2017-2
Odorrana indeprensa,,DD,VU,N,2017-2
Odorrana orba,,DD,LC,N,2017-2
Oophaga occultator,La Brea Poison Frog,DD,CR,N,2017-3
Osornophryne percrassa,Herveo Plump Toad,EN,VU,N,2017-3
Petropedetes cameronensis,Cameroon Water Frog,NT,LC,N,2017-2
Phrynobatrachus asper,Itombwe River Frog,DD,VU,N,2017-2
Phrynobatrachus cricogaster,Nkongsamba River Frog,VU,NT,N,2017-2
Phrynobatrachus stewartae,Stewart's River Frog,DD,LC,N,2017-2
Phrynobatrachus ukingensis,Ukinga River Frog,DD,LC,N,2017-2
Phyllobates aurotaenia,Kokoe Poison Frog,NT,LC,N,2017-2
Phyllobates bicolor,Black-legged Poison Dart Frog,NT,EN,N,2017-2
Pristimantis affinis,Cundinamarca Robber Frog,VU,EN,N,2017-3
Pristimantis alalocophus,Quindio Robber Frog,NT,EN,N,2017-3
Pristimantis bipunctatus,,DD,LC,N,2017-3
Pristimantis cabrerai,Valle Robber Frog,EN,DD,N,2017-3
Pristimantis calcaratus,San Antonio Robber Frog,EN,VU,N,2017-3
Pristimantis carmelitae,Carmelita's Robber Frog,DD,EN,N,2017-3
Pristimantis cordovae,Rana Campanita,VU,EN,N,2017-3
Pristimantis cosnipatae,Rio Cosnipata Robber Frog,EN,CR,N,2017-3
Pristimantis cristinae,Cristina's Robber Frog,DD,EN,N,2017-2
Pristimantis delicatus,Delicate Robber Frog,DD,EN,N,2017-3
Pristimantis diaphonus,Rio Calima Robber Frog,VU,CR,N,2017-3
Pristimantis dorsopictus,Serna's Robber Frog,EN,VU,N,2017-3
Pristimantis fetosus,Rana Camuflada,EN,NT,N,2017-3
Pristimantis frater,Meta Robber Frog,VU,LC,N,2017-3
Pristimantis hybotragus,Agua Bonita Robber Frog,VU,EN,N,2017-3
Pristimantis insignitus,Ground Robber Frog,EN,NT,N,2017-3
Pristimantis jaimei,Jaime's Robber Frog,DD,CR,N,2017-3
Pristimantis johannesdei,,EN,VU,N,2017-3
Pristimantis juanchoi,Rana Duende Juancho,NT,VU,N,2017-3
Pristimantis kelephus,,VU,CR,N,2017-3
Pristimantis lasalleorum,,DD,EN,N,2017-3
Pristimantis lemur,Rana Picuda,EN,VU,N,2017-3
Pristimantis lindae,,DD,LC,N,2017-3
Pristimantis maculosus,Spotted Robber Frog,EN,VU,N,2017-3
Pristimantis mars,,EN,CR,N,2017-3
Pristimantis melanogaster,,EN,NT,N,2017-3
Pristimantis merostictus,Bogotacito Robber Frog,EN,VU,N,2017-3
Pristimantis miyatai,Miyata's Robber Frog,NT,LC,N,2017-3
Pristimantis molybrignus,Uribe Robber Frog,NT,CR,G,2017-3
Pristimantis orpacobates,,VU,NT,N,2017-3
Pristimantis pardalinus,,CR,EN,N,2017-3
Pristimantis penelopus,Rana de Ingles Negras y Amarillas,VU,LC,N,2017-3
Pristimantis phalarus,,VU,EN,N,2017-3
Pristimantis polychrus,,EN,VU,N,2017-3
Pristimantis quantus,,VU,EN,N,2017-3
Pristimantis salaputium,,DD,LC,N,2017-2
Pristimantis satagius,,DD,EN,N,2017-3
Pristimantis spilogaster,Gambita Robber Frog,EN,CR,N,2017-3
Pristimantis suetus,Rana Minuscula,EN,VU,N,2017-3
Pristimantis viridis,,NT,EN,N,2017-3
Pristimantis xylochobates,,VU,CR,N,2017-3
Pristimantis zophus,,EN,NT,N,2017-3
Psychrophrynella bagrecito,Bagrecito Andes Frog,VU,CR,N,2017-2
Ptychadena broadleyi,Broadley’s Ridged Frog,EN,NT,N,2017-2
Quasipaa delacouri,Doi Chang Asian Frog,DD,LC,N,2017-2
Raorchestes gryllus,,DD,VU,N,2017-2
Rhacophorus annamensis,Annam Flying Frog,VU,LC,N,2017-2
Rhacophorus robinsonii,Robinson's Flying Frog,DD,LC,N,2017-2
Rhaebo hypomelas,Choco Toad,NT,LC,N,2017-2
Rhinella lindae,Murri Beaked Toad,DD,EN,N,2017-2
Rhinella macrorhina,Santa Rita Beaked Toad,EN,VU,N,2017-3
Rhinella manu,,VU,LC,N,2017-3
Rhinella ruizi,,DD,VU,N,2017-3
Rhinella tenrec,Antioquia Beaked Toad,DD,EN,N,2017-2
Rulyrana susatamai,,VU,NT,N,2017-3
Sachatamia punctulata,,EN,VU,N,2017-2
Scaphiophryne boribory,,EN,VU,N,2017-2
Sclerophrys perreti,Perret's Toad,VU,CR,N,2017-2
Strabomantis cadenai,Nutibara Robber Frog,DD,CR,N,2017-2
Telmatobius atahualpai,Amazonas Water Frog,NT,VU,N,2017-3
Telmatobius brevipes,Huahachuco Water Frog,EN,VU,N,2017-3
Telmatobius colanensis,Colan Water Frog,EN,DD,N,2017-3
Telmatobius necopinus,Wiens' Water Frog,EN,DD,N,2017-3
Telmatobius punctatus,Huánaco Water Frog,CR,EN,N,2017-3
Telmatobius rimac,Rimac Water Frog,LC,VU,N,2017-3
Telmatobius truebae,Trueb's Water Frog,EN,VU,N,2017-3
Telmatobufo australis,Pelado Mountains False Toad,VU,LC,N,2017-2
Telmatobufo bullocki,Bullock’s Mountains False Toad,CR,EN,N,2017-2
Theloderma corticale,Tonkin Bug-eyed Frog,DD,LC,N,2017-2
Theloderma petilum,,DD,VU,N,2017-2
Theloderma phrynoderma,Burmese Bug-eyed Frog,DD,LC,N,2017-2
Theloderma ryabovi,,DD,EN,N,2017-2
Vandijkophrynus inyangae,Inyanga Toad,EN,VU,N,2017-2
Xenopus fraseri,Fraser's Clawed Frog,LC,DD,N,2017-2
Xenopus itombwensis,Itombwe Massif Clawed Frog,CR,EN,N,2017-2
BONY FISHES,,,,,
Austroglanis gilli,Clanwilliam Rock Catfish,VU,NT,N,2017-3
Chiloglanis bifurcus,Incomati Suckermouth,EN,CR,G,2017-3
Coregonus huntsmani,Atlantic Whitefish,VU,CR,N,2017-3
Doryichthys boaja,Long-snouted Pipefish,LC,DD,N,2017-3
Doryichthys contiguus,Pygmy pipefish,LC,DD,N,2017-3
Doryichthys deokhatoides,,LC,DD,N,2017-3
Doryichthys martensii,Longsnouted Pipefish,LC,DD,N,2017-3
Enteromius gurneyi,Redtail Barb,LC,VU,G,2017-3
Enteromius treurensis,Treur River Barb,EN,CR,N,2017-3
Eurypegasus draconis,Short Dragonfish,DD,LC,N,2017-3
Favonigobius reichei,Indo-pacific Tropical Sand Goby,LR/nt,LC,N,2017-3
Hippocampus abdominalis,Pot-bellied Seahorse,DD,LC,N,2017-3
Hippocampus angustus,Narrow-bellied Seahorse,DD,LC,N,2017-3
Hippocampus breviceps,Short-snouted Seahorse,DD,LC,N,2017-3
Hippocampus fisheri,Hawaiian Seahorse,DD,LC,N,2017-3
Hippocampus jayakari,Jayakar's Seahorse,DD,LC,N,2017-3
Hippocampus mohnikei,Japanese Seahorse,DD,VU,N,2017-3
Hippocampus planifrons,Flatface Seahorse,VU,LC,N,2017-3
Hippocampus pontohi,Pontoh`s Pygmy Seahorse,DD,LC,N,2017-3
Hippocampus reidi,Long-snout Seahorse,DD,NT,N,2017-3
Hippocampus whitei,White's Seahorse,DD,EN,N,2017-3
Hippocampus zosterae,Dwarf Seahorse,DD,LC,N,2017-3
Kneria sp. nov. 'South Africa',Southern Kneria 'South Africa',CR,EN,N,2017-3
Labeo seeberi,Clanwilliam Sandfish,CR,EN,N,2017-3
Labeobarbus seeberi,Clanwilliam Yellowfish,VU,NT,N,2017-3
Marcusenius pongolensis,,DD,LC,N,2017-3
Microphis dunckeri,,LC,DD,N,2017-3
Pegasus laternarius,Brick Seamoth,VU,DD,N,2017-3
Phycodurus eques,Leafy Seadragon,NT,LC,N,2017-2
Phyllopteryx taeniolatus,Weedy Seadragon,NT,LC,N,2017-2
Pseudobarbus calidus,Clanwilliam Redfin,VU,NT,N,2017-3
Pseudobarbus serra,Clanwilliam Sawfin,EN,NT,N,2017-3
Siokunichthys nigrolineatus,Mushroom-coral Pipefish,LC,DD,N,2017-2
Solegnathus robustus,Robust Pipehorse,DD,LC,N,2017-3
Syngnathoides biaculeatus,Alligator Pipefish,DD,LC,N,2017-2
Vanacampus vercoi,Verco's Pipefish,VU,LC,N,2017-3
SHARKS & RAYS,,,,,
Acroteriobatus salalah,Salalah Guitarfish,DD,NT,N,2017-2
Acroteriobatus variegatus,Stripenose Guitarfish,DD,CR,N,2017-2
Apristurus indicus,Smallbelly Catshark,DD,LC,N,2017-2
Benthobatis moresbyi,Indian Blind Numbfish,DD,LC,N,2017-2
Carcharhinus falciformis,Silky Shark,NT,VU,N,2017-3
Carcharhinus leiodon,Smoothtooth Blacktip Shark,VU,EN,N,2017-2
Ctenacis fehlmanni,Harlequin Catshark,DD,LC,N,2017-2
Glaucostegus halavi,Halavi Guitarfish,DD,VU,N,2017-2
Halaelurus boesemani,Speckled Catshark,DD,VU,N,2017-2
Neoharriotta pumila,Arabian Sicklefin Chimaera,DD,LC,N,2017-2
Pastinachus sephen,Cowtail Ray,DD,NT,N,2017-2
Rhinobatos punctifer,Spotted Guitarfish,DD,NT,N,2017-2
Torpedo adenensis,Aden Torpedo,NT,EN,N,2017-2
Torpedo suessii,Red Sea Torpedo,DD,CR,N,2017-2
Entosphenus macrostoma,Lake Lamprey,DD,EN,N,2017-3
MOLLUSCS,,,,,
Acroloxus coloradensis,Rocky Mountain Capshell,VU,NT,N,2017-3
Alasmidonta marginata,Elktoe,DD,LC,N,2017-3
Alasmidonta varicosa,Brook Floater,DD,VU,N,2017-3
Amphorella cimensis,,VU,NT,G,2017-3
Amphorella melampoides,,VU,LC,G,2017-3
Arion obesoductus,,DD,LC,N,2017-3
Atlantica engonata,,DD,CR,N,2017-3
Atlantica scutula,,LR/nt,LC,N,2017-3
Boettgeria crispa,,NT,EN,G,2017-3
Boettgeria obesiuscula,,VU,CR,G,2017-3
Bofilliella subarcuata,,VU,NT,N,2017-3
Charpentieria dyodon,,LR/nt,LC,N,2017-3
Cryptazeca elongata,,VU,CR,N,2017-3
Cryptazeca monodonta,,VU,EN,N,2017-3
Cryptazeca spelaea,,VU,NT,N,2017-3
Cryptazeca subcylindrica,,VU,LC,N,2017-3
Hypnophila remyi,Brillante corse,DD,LC,N,2017-3
Lampsilis cardium,,LR/nt,LC,N,2017-3
Lampsilis cariosa,Yellow Lampmussel,EN,VU,N,2017-3
Lampsilis ovata,,LR/nt,LC,N,2017-3
Ligumia nasuta,Eastern Pondmussel,LR/nt,VU,G,2017-3
Ligumia recta,Black Sandshell,LC,NT,N,2017-3
Malacolimax wiktori,,LR/nt,EN,G,2017-3
Mediterranea amaltheae,,VU,CR,N,2017-3
Muticaria macrostoma,,LR/nt,LC,N,2017-3
Neniatlanta pauli,Clausilie basque,VU,LC,N,2017-3
Obovaria subrotunda,Round Hickorynut,LR/nt,EN,G,2017-3
Oxychilus agostinhoi,,VU,CR,G,2017-3
Oxychilus basajauna,,LR/nt,EN,N,2017-3
Oxychilus lineolatus,,VU,LC,N,2017-3
Pomatias raricosta,,LR/lc,DD,N,2017-3
Ptychobranchus fasciolaris,Kidneyshell,LR/lc,NT,G,2017-3
Retinella stabilei,,VU,DD,N,2017-3
Sculptiferussacia clausiliaeformis,,EN,NT,N,2017-3
Simpsonaias ambigua,Salamander Mussel,LR/cd,VU,N,2017-3
Tandonia nigra,,DD,LC,N,2017-3
Valvata tricarinata,Threeridge Valvata,DD,LC,N,2017-3
Vitrea pseudotrolli,Cristalline des Alpes-Maritimes,VU,NT,N,2017-3
Vitrea striata,,DD,CR,N,2017-3
Zonites anaphiensis,,LR/nt,VU,N,2017-3
Zospeum biscaiense,,VU,NT,N,2017-3
DRAGONFLIES & DAMSELFLIES,,,,,
Acanthaeschna victoria,Thylacine Darner,VU,EN,N,2017-1
Aciagrion brosseti,Yellow-winged Slim,DD,LC,N,2017-3
Acisoma ascalaphoides,Littoral Pintail,LC,EN,N,2017-2
Aethiothemis mediofasciata,Orange Flasher,DD,LC,N,2017-3
Africocypha lacuselephantum,Kaleidoscope Jewel,VU,LC,N,2017-3
Agriocnemis angustirami,Liberian Wisp,VU,LC,N,2017-3
Agriocnemis dobsoni,Tropical Wisp,DD,NT,N,2017-1
Antipodogomphus dentosus,Top End Dragon,VU,DD,N,2017-1
Austroargiolestes brookhousei,Barrington Flatwing,DD,LC,N,2017-1
Austrolestes minjerriba,Dune Ringtail,EN,LC,N,2017-1
Azuragrion buchholzi,Forest Azuret,NT,LC,N,2017-3
Ceriagrion katamborae,White-faced Waxtail,DD,LC,N,2017-3
Ceriagrion nigrolineatum,,DD,LC,N,2017-1
Coenagriocnemis insularis,,CR,EN,N,2017-2
Cordulegaster princeps,Atlas Goldenring,NT,LC,N,2017-3
Cordulephya bidens,Tropical Shutwing,DD,VU,N,2017-1
Cornigomphus guineensis,,DD,LC,N,2017-3
Cornigomphus mariannae,,DD,LC,N,2017-3
Dromaeschna forcipata,Green-striped Darner,NT,LC,N,2017-1
Elattoneura morini,Mealy Threadtail,DD,LC,N,2017-3
Erpetogomphus heterodon,Dashed Ringtail,DD,LC,N,2017-3
Griseargiolestes bucki,Turquoise Flatwing,DD,VU,N,2017-1
Hemigomphus theischingeri,Rainforest Vicetail,LC,NT,N,2017-1
Indolestes alleni,Small Reedling,DD,LC,N,2017-1
Libyogomphus christinae,Western Horntail,DD,LC,N,2017-3
Libyogomphus emiliae,Gabon Horntail,DD,LC,N,2017-3
Macromia viridescens,Rainforest Cruiser,DD,LC,N,2017-1
Mesocnemis saralisa,Congo Riverjack,DD,LC,N,2017-3
Nesocordulia villiersi,,DD,EN,N,2017-2
Nesolestes martini,,DD,LC,N,2017-1
Nesolestes pauliani,,DD,EN,N,2017-2
Neurocordulia michaeli,Broad-tailed Shadowdragon,DD,LC,N,2017-3
Neurogomphus cocytius,Kocytos Siphontail,DD,LC,N,2017-3
Nososticta kalumburu,Spot-winged Threadtail,DD,LC,N,2017-1
Nubiolestes diotima,African Twigtail,VU,LC,N,2017-3
Orthetrum balteatum,Speckled Skimmer,LC,NT,N,2017-1
Paragomphus machadoi,Forest Hooktail,DD,LC,N,2017-3
Phyllomacromia occidentalis,Brown-templed Cruiser,DD,LC,N,2017-3
Platycnemis pseudalatipes,,DD,LC,N,2017-2
Platycypha eliseva,Lucifer Jewel,DD,LC,N,2017-3
Platycypha picta,Petite Jewel,DD,LC,N,2017-3
Proplatycnemis hova,,DD,LC,N,2017-2
Pseudagrion apicale,,DD,LC,N,2017-1
Pseudagrion coeruleipunctum,Pretty Sprite,DD,LC,N,2017-3
Pseudagrion grilloti,Orange-striped Sprite,DD,LC,N,2017-3
Pseudagrion igniceps,,DD,LC,N,2017-1
Sapho fumosa,Smokewing,DD,LC,N,2017-3
Somatochlora sahlbergi,Treeline Emerald,DD,LC,N,2017-3
Spinaeschna watsoni,Tropical Cascade Darner,DD,LC,N,2017-1
Synthemiopsis gomphomacromioides,Tasmanian Spotwing,NT,LC,N,2017-1
Trithemis fumosa,Smoky Dropwing,DD,LC,N,2017-3
Viridithemis viridula,,DD,LC,N,2017-1
BEETLES,,,,,
Ampedus corsicus,,NT,VU,N,2017-1
Ampedus talamellii,,DD,LC,N,2017-1
Dorcus musimon,,LC,VU,N,2017-1
Gnorimus decempunctatus,,VU,EN,N,2017-2
Protaetia sardea,,DD,VU,N,2017-2
Stenagostus laufferi,,DD,LC,N,2017-1
Stenagostus sardiniensis,,DD,EN,N,2017-1
Triplax emgei,,VU,EN,N,2017-1
PLANTS,,,,,
Acropogon aoupiniensis,,VU,EN,N,2017-2
Acropogon bullatus,,NT,EN,N,2017-2
Acropogon calcicolus,,EN,VU,N,2017-2
Acropogon fatsioides,,VU,NT,N,2017-2
Acropogon megaphyllus,,VU,EN,N,2017-2
Acropogon veillonii,,EN,VU,N,2017-2
Actinokentia huerlimannii,,LR/cd,EN,N,2017-3
Aesculus hippocastanum,Horse Chestnut,NT,VU,N,2017-3
Aloe ballii,,EN,VU,N,2017-1
Andropogon bentii,,DD,EN,N,2017-2
Anisoptera curtisii,,CR,VU,N,2017-3
Anisoptera laevis,,EN,VU,N,2017-3
Anisoptera scaphula,,CR,EN,N,2017-3
Arbutus canariensis,Madroño,VU,NT,N,2017-3
Atriplex lanfrancoi,Maltese Cliff Orache,CR,EN,N,2017-3
Balaka macrocarpa,,CR,EN,N,2017-3
Balaka microcarpa,,EN,CR,N,2017-3
Basselinia favieri,,VU,EN,N,2017-3
Basselinia humboldtiana,,LR/cd,NT,N,2017-3
Basselinia iterata,,VU,EN,N,2017-3
Basselinia pancheri,,NT,LC,N,2017-3
Basselinia porphyrea,,LR/cd,EN,N,2017-3
Basselinia tomentosa,,VU,NT,N,2017-3
Basselinia vestita,,VU,CR,N,2017-3
Berlinia hollandii,,EN,CR,N,2017-3
Blyxa hexandra,,DD,LC,N,2017-1
Carex runssoroensis,,VU,LC,N,2017-1
Carpha angustissima,,NT,EN,N,2017-1
Chamaemeles coriacea,,VU,EN,N,2017-3
Chambeyronia lepidota,,LR/cd,LC,N,2017-3
Clinosperma lanuginosa,,LR/cd,EN,N,2017-3
Coffea costatifructa,,VU,EN,N,2017-3
Coffea pseudozanguebariae,,VU,NT,N,2017-3
Coffea togoensis,,VU,EN,N,2017-3
Convolvulus fernandesii,,VU,EN,N,2017-3
Cunonia aoupiniensis,,VU,NT,N,2017-2
Cunonia rotundifolia,,LR/cd,NT,N,2017-2
Cyphokentia cerifera,,LR/cd,NT,N,2017-3
Cyphophoenix elegans,,VU,EN,N,2017-3
Cyphophoenix nucele,,CR,VU,N,2017-3
Cytisus aeolicus,,CR,EN,N,2017-3
Dactylorhiza elata,Stately Dactylorhiza,LC,NT,N,2017-3
Daphne rodriguezii,,VU,EN,N,2017-3
Diospyros feliciana,,VU,EN,N,2017-2
Diplodiscus paniculatus,,VU,DD,N,2017-3
Dipterocarpus alatus,,EN,VU,N,2017-3
Dipterocarpus baudii,,CR,VU,N,2017-3
Dipterocarpus chartaceus,,CR,EN,N,2017-3
Dipterocarpus cinereus,,EX,CR,N,2017-3
Dipterocarpus costatus,,EN,VU,N,2017-3
Dipterocarpus crinitus,,EN,VU,N,2017-3
Dipterocarpus dyeri,,CR,EN,N,2017-3
Dipterocarpus gracilis,,CR,VU,N,2017-3
Dipterocarpus grandiflorus,,CR,EN,N,2017-3
Dipterocarpus hasseltii,,CR,EN,N,2017-3
Dipterocarpus intricatus,,LR/lc,EN,N,2017-3
Dipterocarpus kerrii,,CR,EN,N,2017-3
Dipterocarpus obtusifolius,,LR/lc,NT,N,2017-3
Dipterocarpus retusus,,VU,EN,N,2017-3
Dipterocarpus tuberculatus,,LR/lc,NT,N,2017-3
Dipterocarpus turbinatus,,CR,VU,N,2017-3
Dipteronia sinensis,,LR/nt,DD,N,2017-3
Dorstenia astyanactis,,EN,VU,N,2017-3
Eclipta prostrata,Eclipte Blanche,DD,LC,N,2017-1
Euphorbia margalidiana,Spurge of Margadiles Islet,CR,VU,N,2017-3
Euphorbia robivelonae,,CR,EN,N,2017-2
Frangula azorica,,LR/nt,LC,N,2017-3
Fraxinus profunda,Pumpkin Ash,LC,CR,N,2017-2
Fritillaria rhodocanakis,,EN,LC,N,2017-3
Genista dorycnifolia,,DD,VU,N,2017-3
Guaiacum coulteri,Guayacan,LR/cd,VU,N,2017-3
Guaiacum sanctum,Holywood Lignum Vitae,EN,NT,N,2017-3
Helichrysum formosissimum,,DD,LC,N,2017-1
Hopea apiculata,,CR,EN,N,2017-3
Hopea beccariana,,CR,VU,N,2017-3
Hopea canarensis,,DD,EN,N,2017-3
Hopea griffithii,,VU,EN,N,2017-3
Hopea helferi,,CR,EN,N,2017-3
Hopea latifolia,,CR,DD,N,2017-3
Hopea mollissima,,CR,EN,N,2017-3
Hopea pierrei,,EN,VU,N,2017-3
Hopea sangal,,CR,VU,N,2017-3
Hopea sublanceolata,,CR,VU,N,2017-3
Hopea thorelii,,CR,EN,N,2017-3
Hygrophila asteracanthoides,,NT,VU,N,2017-1
Hymenophyllum maderense,Madeira Filmy Fern,DD,CR,N,2017-2
Ilex canariensis,,LR/nt,LC,N,2017-3
Impatiens bururiensis,,CR,EN,N,2017-2
Juglans regia,Common Walnut,NT,LC,N,2017-3
Kentiopsis magnifica,,VU,EN,N,2017-3
Laurus azorica,Macaronesian Laurel,LR/nt,LC,N,2017-3
Luzula johnstonii,,DD,LC,N,2017-1
Maytenus canariensis,Peralillo,LR/cd,NT,N,2017-3
Melicope lunu-ankenda,,EN,LC,N,2017-3
Neobalanocarpus heimii,,VU,EN,N,2017-3
Nothofagus alpina,Raulí,LR/nt,LC,N,2017-3
Nymphoides tenuissima,,NT,EN,N,2017-1
Ocotea foetens,Tilo,LR/nt,LC,N,2017-3
Olea chimanimani,,VU,LC,N,2017-1
Olea maderensis,,DD,LC,N,2017-3
Ophrys lunulata,Lunulate Ophrys,NT,LC,N,2017-3
Ottelia scabra,,NT,LC,N,2017-1
Ottelia verdickii,,DD,LC,N,2017-1
Pancheria humboldtiana,,LR/cd,NT,N,2017-2
Pancheria multijuga,,LR/cd,EN,N,2017-2
Pancheria robusta,,LR/cd,EN,N,2017-2
Parashorea stellata,White Seraya,CR,VU,N,2017-3
Persea indica,Viñatigo,LR/cd,LC,N,2017-3
Persea liebmannii,,VU,LC,N,2017-3
Persea schiedeana,Coyo Avocado,VU,EN,N,2017-3
Phylloxylon arenicola,,CR,EN,N,2017-3
Phylloxylon xiphoclada,,CR,EN,N,2017-2
Physacanthus nematosiphon,,DD,NT,N,2017-3
Picconia azorica,,EN,LC,N,2017-3
Picconia excelsa,Palo Blanco,VU,LC,N,2017-3
Pilularia globulifera,Pillwort,NT,LC,N,2017-2
Pittosporum artense,,VU,CR,N,2017-3
Pittosporum brevispinum,,EN,CR,G,2017-3
Pittosporum gatopense,,VU,CR,N,2017-3
Pittosporum muricatum,,EN,CR,N,2017-3
Pittosporum ornatum,,EN,CR,N,2017-3
Platanus orientalis,Oriental Plane-tree,LR/lc,DD,N,2017-3
Pleiomeris canariensis,Delfino,VU,CR,N,2017-3
Populus nigra,Black Poplar,LC,DD,N,2017-3
Pritchardia thurstonii,,LR/nt,VU,N,2017-3
Psilotrichum axilliflorum,,VU,EN,N,2017-1
Pteris incompleta,Laurisilva Brake,VU,NT,N,2017-2
Pterocarpus marsupium,East Indian/Malabar Kino,VU,NT,N,2017-3
Pyrus castribonensis,,DD,LC,N,2017-3
Pyrus sicanorum,,DD,LC,N,2017-3
Quercus depressipes,Davis Mountain Oak,DD,LC,N,2017-2
Quercus engelmannii,Engelmann Oak,VU,EN,N,2017-2
Quercus tardifolia,Chisos Mountains Oak,CR,DD,N,2017-2
Quercus tomentella,Island Oak,VU,EN,N,2017-2
Quercus toumeyi,Toumey Oak,LR/lc,DD,N,2017-2
Ravenea rivularis,Majestic Palm,EN,VU,N,2017-2
Rhamnus crenulata,Espino negro,LR/nt,LC,N,2017-3
Rhamnus glandulosa,Sanguino,LR/cd,LC,N,2017-3
Rhamnus integrifolia,Moralito,VU,NT,N,2017-3
Salix canariensis,Sauce,LR/lc,NT,N,2017-3
Salix tarraconensis,Salenca Tortosina,CR,VU,N,2017-3
Scilla lochiae,,DD,NT,N,2017-3
Scilla morrisii,Morris Squill,CR,EN,N,2017-3
Serianthes myriadenia,,LR/nt,VU,N,2017-3
Shorea farinosa,,CR,EN,N,2017-3
Shorea foxworthyi,,CR,VU,N,2017-3
Shorea guiso,Red Balau,CR,VU,N,2017-3
Shorea hypochra,White Meranti,CR,EN,N,2017-3
Shorea laevis,,LR/lc,VU,N,2017-3
Shorea leprosula,Light Red Meranti,EN,NT,N,2017-3
Shorea longisperma,Yellow Meranti,CR,EN,N,2017-3
Shorea obtusa,,LR/lc,NT,N,2017-3
Shorea roxburghii,White Meranti,EN,VU,N,2017-3
Shorea singkawang,Dark Red Meranti,CR,VU,N,2017-3
Shorea sumatrana,,CR,EN,N,2017-3
Shorea thorelii,,CR,VU,N,2017-3
Sorbus anglica,English Whitebeam,VU,NT,N,2017-2
Sorbus arranensis,Arran Whitebeam,VU,EN,N,2017-2
Sorbus evansii,Evans's Whitebeam,EN,CR,N,2017-3
Sorbus kmetiana,,EN,CR,N,2017-3
Sorbus lancastriensis,Lancashire Whitebeam,LR/nt,LC,N,2017-2
Sorbus leptophylla,Thin-Leaved Whitebeam,CR,EN,N,2017-2
Sorbus pseudofennica,Arran Service-tree,VU,CR,N,2017-2
Sorbus pseudothuringiaca,,VU,EN,N,2017-2
Sorbus subcuneata,Somerset Whitebeam,VU,EN,N,2017-2
Sorbus vexans,Bloody Whitebeam,VU,CR,N,2017-2
Sorbus wilmottiana,Wilmott's Whitebeam,CR,EN,G,2017-2
Sphaeranthus samburuensis,,DD,EN,N,2017-1
Vatica bella,,CR,DD,N,2017-3
Vatica cinerea,,EN,DD,N,2017-3
Vatica diospyroides,,CR,EN,N,2017-3
Vatica guangxiensis,,CR,EN,N,2017-3
Vatica mangachapoi,,EN,VU,N,2017-3
Vatica pauciflora,,EN,VU,N,2017-3
Vatica philastraena,,DD,EN,N,2017-3
Vatica stapfiana,,EN,VU,N,2017-3
Veitchia simulans,,VU,DD,N,2017-3
Visnea mocanera,Mocán,LR/cd,LC,N,2017-3
Weinmannia ouaiemensis,,VU,CR,N,2017-2
