Scientific name,Common name,"IUCN Red List(2017)Category","IUCN RedList (2018)Category","Reason forchange","Red Listversion"
MAMMALS,,,,,
Anotomys leander,Ecuadoran Ichthyomyine,VU,EN,N,2018-1
Balaenoptera bonaerensis,Antarctic Minke Whale,DD,NT,N,2018-1
Balaenoptera edeni,Bryde's Whale,DD,LC,N,2018-1
Balaenoptera physalus,Fin Whale,EN,VU,G,2018-2
Bibimys torresi,Torres's Crimson-nosed Rat,NT,VU,N,2018-1
Bunomys coelestis,Lompobatang Bunomys,CR,EN,N,2018-1
Callibella humilis,Black-crowned Dwarf Marmoset,VU,LC,N,2018-2
Caperea marginata,Pygmy Right Whale,DD,LC,N,2018-2
Cephalorhynchus heavisidii,Heaviside's Dolphin,DD,NT,N,2018-2
Chilonatalus micropus,Cuban Lesser Funnel-eared Bat,NT,VU,N,2018-2
Dipodomys stephensi,Stephens' Kangaroo Rat,EN,VU,N,2018-2
Eudorcas thomsonii,Thomson's Gazelle,NT,LC,G,2018-2
Euryoryzomys lamia,Monster Rice Rat,EN,VU,N,2018-2
Feresa attenuata,Pygmy Killer Whale,DD,LC,N,2018-2
Geocapromys brownii,Brown's Hutia,VU,EN,G,2018-1
Geomys tropicalis,Tropical Pocket Gopher,CR,EN,N,2018-1
Globicephala macrorhynchus,Short-finned Pilot Whale,DD,LC,N,2018-2
Globicephala melas,Long-finned Pilot Whale,DD,LC,N,2018-2
Glossophaga longirostris,Miller's Long-tongued Bat,DD,LC,N,2018-2
Gyldenstolpia fronto,Fossorial Giant Rat,EN,CR(PE),N,2018-2
Habromys simulatus,Jico Deer Mouse,EN,CR,N,2018-2
Handleyomys chapmani,Chapman's Rice Rat,LC,VU,N,2018-2
Hylomyscus grandis,Mt Oku Hylomyscus,CR,EN,N,2018-1
Inia geoffrensis,Amazon River Dolphin,DD,EN,N,2018-2
Lissodelphis peronii,Southern Right Whale Dolphin,DD,LC,N,2018-2
Mico acariensis,Rio Acarí Marmoset,DD,LC,N,2018-2
Mico chrysoleucos,Golden-white Tassel-ear Marmoset,DD,LC,N,2018-2
Mico emiliae,Snethlage’s Marmoset,DD,LC,N,2018-2
Micronycteris sanborni,,DD,LC,N,2018-2
Micropotamogale lamottei,Nimba Otter Shrew,NT,VU,N,2018-2
Myotis grisescens,Grey Bat,NT,VU,N,2018-2
Myotis leibii,Eastern Small-footed Myotis,LC,EN,N,2018-2
Myotis lucifugus,Little Brown Bat,LC,EN,N,2018-2
Myotis septentrionalis,Northern Myotis,LC,NT,N,2018-2
Neusticomys mussoi,Musso's Fish-eating Rat,EN,VU,N,2018-1
Oryx beisa,Beisa Oryx,NT,EN,G,2018-2
Phocoena dioptrica,Spectacled Porpoise,DD,LC,N,2018-2
Phocoena spinipinnis,Burmeister's Porpoise,DD,NT,N,2018-2
Pithecia albicans,Buffy Saki,VU,LC,N,2018-2
Pseudorca crassidens,False Killer Whale,DD,NT,N,2018-2
Pteropus niger,Greater Mascarene Flying Fox,VU,EN,G,2018-1
Sotalia guianensis,Guiana Dolphin,DD,NT,N,2018-2
Sphaeronycteris toxophyllum,Visored Bat,DD,LC,N,2018-2
Stenella clymene,Clymene Dolphin,DD,LC,N,2018-2
Stenella frontalis,Atlantic Spotted Dolphin,DD,LC,N,2018-2
Stenella longirostris,Spinner Dolphin,DD,LC,N,2018-2
Thomasomys bombycinus,Silky Oldfield Mouse,DD,VU,N,2018-1
Thomasomys eleusis,Peruvian Oldfield Mouse,LC,VU,N,2018-1
Thomasomys hudsoni,,DD,VU,N,2018-2
Thomasomys hylophilus,Woodland Oldfield Mouse,EN,VU,N,2018-2
Thomasomys rosalinda,Rosalinda's Oldfield Mouse,DD,EN,N,2018-1
Thomasomys vulcani,,DD,LC,N,2018-2
Tupaia chrysogaster,Golden-bellied Treeshrew,EN,VU,N,2018-1
BIRDS,,,,,
Alopecoenas canifrons,Palau Ground-dove,NT,EN,N,2018-2
Anorrhinus galeritus,Bushy-crested Hornbill,LC,NT,N,2018-2
Anthracoceros malayanus,Black Hornbill,NT,VU,N,2018-2
Antrostomus carolinensis,Chuck-will's-widow,LC,NT,N,2018-2
Antrostomus vociferus,Eastern Whip-poor-will,LC,NT,N,2018-2
Apalis chariessa,White-winged Apalis,VU,NT,N,2018-2
Aquila rapax,Tawny Eagle,LC,VU,N,2018-2
Ara rubrogenys,Red-fronted Macaw,EN,CR,G,2018-2
Augastes scutatus,Hyacinth Visorbearer,NT,LC,N,2018-2
Bathmocercus cerviniventris,Black-headed Rufous-warbler,NT,DD,N,2018-2
Berenicornis comatus,White-crowned Hornbill,NT,EN,N,2018-2
Bubo shelleyi,Shelley's Eagle-owl,NT,VU,N,2018-2
Buceros bicornis,Great Hornbill,NT,VU,N,2018-2
Buceros rhinoceros,Rhinoceros Hornbill,NT,VU,N,2018-2
Bucorvus abyssinicus,Northern Ground-hornbill,LC,VU,N,2018-2
Carpococcyx renauldi,Coral-billed Ground-cuckoo,LC,VU,G,2018-2
Celeus obrieni,Kaempfer's Woodpecker,EN,VU,N,2018-2
Chaetura pelagica,Chimney Swift,NT,VU,G,2018-2
Chamaepetes unicolor,Black Guan,NT,LC,N,2018-2
Chamaetylas choloensis,Thyolo Alethe,EN,VU,N,2018-2
Coeligena phalerata,White-tailed Starfrontlet,LC,NT,N,2018-2
Corvus palmarum,Palm Crow,NT,LC,N,2018-2
Corvus pectoralis,Collared Crow,NT,VU,N,2018-2
Cypseloides niger,Black Swift,LC,VU,N,2018-2
Diomedea amsterdamensis,Amsterdam Albatross,CR,EN,G,2018-2
Euryceros prevostii,Helmet Vanga,VU,EN,G,2018-2
Foudia aldabrana,Aldabra Fody,NT,EN,N,2018-2
Garrulax milleti,Black-hooded Laughingthrush,NT,LC,N,2018-2
Garrulax palliatus,Sunda Laughingthrush,LC,NT,G,2018-2
Geronticus eremita,Northern Bald Ibis,CR,EN,G,2018-2
Graminicola bengalensis,Indian Grass-babbler,LC,NT,N,2018-2
Henicorhina negreti,Munchique Wood-wren,CR,VU,N,2018-2
Hesperiphona vespertina,Evening Grosbeak,LC,VU,N,2018-2
Larus leucophthalmus,White-eyed Gull,NT,LC,N,2018-2
Laterallus levraudi,Rusty-flanked Crake,EN,VU,N,2018-2
Leucosticte atrata,Black Rosy-finch,LC,EN,N,2018-2
Leucosticte australis,Brown-capped Rosy-finch,LC,EN,N,2018-2
Lonchura oryzivora,Java Sparrow,VU,EN,G,2018-2
Lophotriorchis kienerii,Rufous-bellied Eagle,LC,NT,N,2018-2
Melanerpes erythrocephalus,Red-headed Woodpecker,NT,LC,G,2018-2
Micromacronus sordidus,Mindanao Miniature Babbler,DD,NT,N,2018-2
Microspingus cinereus,Cinereous Warbling-finch,VU,LC,N,2018-2
Mirafra williamsi,Williams's Lark,DD,LC,N,2018-2
Myiarchus semirufus,Rufous Flycatcher,EN,VU,N,2018-2
Myiomela albiventris,White-bellied Blue Robin,EN,VU,N,2018-2
Nesoenas mayeri,Pink Pigeon,EN,VU,G,2018-2
Odontophorus strophium,Gorgeted Wood-quail,EN,VU,N,2018-2
Oreothraupis arremonops,Tanager Finch,VU,LC,N,2018-2
Oriolia bernieri,Bernier's Vanga,VU,EN,G,2018-2
Otus alius,Nicobar Scops-owl,DD,NT,N,2018-2
Passerculus henslowii,Henslow's Sparrow,NT,LC,G,2018-2
Passerina ciris,Painted Bunting,NT,LC,N,2018-2
Penelope albipennis,White-winged Guan,CR,EN,N,2018-2
Penelope barbata,Bearded Guan,VU,NT,N,2018-2
Phaethornis aethopygus,Tapajos Hermit,NT,VU,N,2018-2
Phytotoma raimondii,Peruvian Plantcutter,EN,VU,N,2018-2
Pica nutalli,Yellow-billed Magpie,NT,VU,N,2018-2
Ploceus grandis,Giant Weaver,LC,NT,N,2018-2
Prinia familiaris,Bar-winged Prinia,LC,NT,G,2018-2
Psittacula longicauda,Long-tailed Parakeet,NT,VU,G,2018-2
Pternistis atrifrons,Black-fronted Francolin,LC,EN,N,2018-2
Pternistis harwoodi,Harwood's Francolin,VU,NT,N,2018-2
Pterodroma sandwichensis,Hawaiian Petrel,VU,EN,G,2018-2
Ptilinopus chrysogaster,Raiatea Fruit-dove,NT,EN,N,2018-2
Puffinus newelli,Newell's Shearwater,EN,CR,G,2018-2
Pycnonotus zeylanicus,Straw-headed Bulbul,EN,CR,G,2018-2
Quiscalus quiscula,Common Grackle,LC,NT,N,2018-2
Rhabdotorrhinus corrugatus,Wrinkled Hornbill,NT,EN,N,2018-2
Rheinardia ocellata,Crested Argus,NT,EN,N,2018-2
Rhyticeros undulatus,Wreathed Hornbill,LC,VU,N,2018-2
Scytalopus latebricola,Brown-rumped Tapaculo,LC,NT,N,2018-2
Scytalopus novacapitalis,Brasilia Tapaculo,NT,EN,N,2018-2
Selasphorus rufus,Rufous Hummingbird,LC,NT,N,2018-2
Setophaga striata,Blackpoll Warbler,LC,NT,N,2018-2
Sitta insularis,Bahama Nuthatch,EN,CR,G,2018-2
Somateria fischeri,Spectacled Eider,LC,NT,G,2018-2
Spelaeornis kinneari,Pale-throated Wren-babbler,NT,VU,N,2018-2
Sterna striata,White-fronted Tern,LC,NT,N,2018-2
Strix chacoensis,Chaco Owl,LC,NT,N,2018-2
Sturnella magna,Eastern Meadowlark,LC,NT,N,2018-2
Tachybaptus pelzelnii,Madagascar Grebe,VU,EN,G,2018-2
Taoniscus nanus,Dwarf Tinamou,VU,EN,N,2018-2
Temnotrogon roseigaster,Hispaniolan Trogon,NT,LC,N,2018-2
Torreornis inexpectata,Zapata Sparrow,EN,VU,N,2018-2
Treron sanctithomae,Sao Tome Green-pigeon,VU,EN,N,2018-2
Trochalopteron ngoclinhense,Golden-winged Laughingthrush,VU,EN,N,2018-2
Turdus olivaceofuscus,Sao Tome Thrush,NT,LC,N,2018-2
Turdus swalesi,La Selle Thrush,EN,VU,N,2018-2
Vireo bellii,Bell's Vireo,NT,LC,N,2018-2
Zonotrichia querula,Harris's Sparrow,LC,NT,N,2018-2
Zosterops feae,Sao Tome White-eye,VU,NT,N,2018-2
Zosterops ficedulinus,Principe White-eye,VU,EN,N,2018-2
"",,,,,
REPTILES,,,,,
Acontias poecilus,Variable Legless Skink,EN,DD,N,2018-2
Acontias richardi,Richard's Legless Skink,NT,DD,N,2018-2
Acontias rieppeli,Woodbush Legless Skink,EN,NT,N,2018-2
Afroedura hawequensis,Hawequa Flat Gecko,NT,LC,N,2018-2
Anomalopus mackayi,Long-legged Worm-skink,VU,LC,N,2018-1
Aprasia pseudopulchella,Flinders Ranges Worm-lizard,LR/nt,LC,N,2018-1
Austrelaps labialis,Pygmy Copperhead,VU,LC,N,2018-1
Bitis albanica,Albany Adder,CR,EN,N,2018-2
Bitis inornata,Plain Mountain Adder,EN,DD,N,2018-2
Bradypodion kentanicum,Kentani Grass Chameleon,VU,NT,N,2018-2
Bradypodion melanocephalum,Durban Dwarf Chameleon,VU,NT,N,2018-2
Bradypodion pumilum,Cape Dwarf Chameleon,VU,NT,N,2018-2
Bradypodion taeniabronchum,Elandsberg Dwarf Chameleon,EN,LC,N,2018-2
Bradypodion thamnobates,Natal Midlands Dwarf Chameleon,VU,EN,N,2018-2
Bronchocela smaragdina,Gunther's Bloodsucker,VU,LC,N,2018-2
Carettochelys insculpta,Pig-nosed Turtle,VU,EN,G,2018-2
Casarea dussumieri,Keel-scaled Boa,EN,VU,N,2018-2
Chamaesaura aenea,Coppery Grass Lizard,NT,LC,N,2018-2
Chamaesaura macrolepis,Large-scaled Grass Lizard,NT,LC,N,2018-2
Chersobius boulengeri,Karoo Dwarf Tortoise,NT,EN,G,2018-2
Chersobius signatus,Speckled Dwarf Tortoise,VU,EN,G,2018-2
Cnemaspis argus,Argus Rock Gecko,DD,LC,N,2018-2
Coeranoscincus reticulatus,Three-toed Snake-tooth Skink,LR/nt,LC,N,2018-1
Cordylus imkeae,Rooiberg Girdled Lizard,NT,LC,N,2018-2
Cordylus macropholis,Large-scaled Girdled Lizard,NT,LC,N,2018-2
Cordylus niger,Black Girdled Lizard,NT,LC,N,2018-2
Cordylus oelofseni,Oelofsen's Girdled Lizard,NT,LC,N,2018-2
Cryptactites peringueyi,Salt Marsh Gecko,CR,NT,G,2018-2
Cyrtodactylus annandalei,,DD,LC,N,2018-2
Cyrtodactylus brevidactylus,,DD,EN,N,2018-2
Cyrtodactylus chrysopylos,,DD,VU,N,2018-2
Cyrtodactylus sumonthai,Sumontha's Gecko,DD,LC,N,2018-2
Cyrtodactylus sworderi,Johore Bow-fingered Gecko,DD,EN,N,2018-2
Delma labialis,Single-striped Delma,VU,LC,N,2018-1
Delma torquata,Collared Delma,VU,LC,N,2018-1
Demansia torquata,Collared Whip Snake,DD,LC,N,2018-1
Dixonius melanostictus,Black-spotted Leaf-toed Gecko,DD,LC,N,2018-2
Draco cornutus,,DD,LC,N,2018-2
Eulamprus luteilateralis,Orange-speckled Forest-skink,LC,DD,N,2018-1
Furina dunmalli,Dunmall's Snake,VU,DD,N,2018-1
Gekko badenii,,DD,EN,N,2018-2
Goggia braacki,Braack's Pygmy Gecko,NT,LC,N,2018-2
Goggia gemmula,Richtersveld Pygmy Gecko,NT,LC,N,2018-2
Gonocephalus abbotti,Abbott’s Anglehead Lizard,DD,LC,N,2018-2
Gopherus flavomarginatus,Bolson Tortoise,VU,CR,G,2018-2
Homopholis mulleri,Muller's Velvet Gecko,VU,LC,N,2018-2
Homoroselaps dorsalis,Striped Harlequin Snake,NT,LC,N,2018-2
Iguana delicatissima,Lesser Antillean Iguana,EN,CR,G,2018-1
Isopachys gyldenstolpei,Gyldenstolpe's Worm Skink,DD,LC,N,2018-2
Isopachys roulei,Chonburi Snake Skink,DD,LC,N,2018-2
Kinixys lobatsiana,Lobatse Hinged Tortoise,LC,VU,N,2018-2
Kinixys natalensis,KwaZulu-Natal Hinged-back Tortoise,LR/nt,VU,N,2018-2
Larutia miodactyla,Single Finger Larut Skink,LC,VU,G,2018-2
Leptotyphlops sylvicolus,Forest Thread Snake,DD,LC,N,2018-2
Lerista vittata,Mount Cooper Striped Lerista,EN,CR,N,2018-1
Lycophidion pygmaeum,Pygmy Wolf Snake,NT,LC,N,2018-2
Lygodactylus graniticolus,Granite Dwarf Gecko,NT,LC,N,2018-2
Lygodactylus incognitus,Cryptic Dwarf Gecko,DD,LC,N,2018-2
Lygodactylus methueni,Methuen's Dwarf Gecko,VU,DD,N,2018-2
Lygodactylus montiscaeruli,Makgabeng Dwarf Gecko,DD,LC,N,2018-2
Lygodactylus soutpansbergensis,Soutpansberg Dwarf Gecko,NT,LC,N,2018-2
Lygodactylus waterbergensis,Waterberg Dwarf Gecko,NT,LC,N,2018-2
Macrelaps microlepidotus,Natal Black Snake,NT,LC,N,2018-2
Menetia concinna,Jabiluka Dwarf Skink,DD,LC,N,2018-1
Nephrurus deleani,Pernatty Knob-tail,EN,LC,N,2018-1
Nucras taeniolata,Albany Sandveld Lizard,NT,LC,N,2018-2
Ophidiocephalus taeniatus,Bronzeback,VU,LC,N,2018-1
Orraya occultus,Long-necked Northern Leaf-tailed Gecko,DD,VU,N,2018-1
Paradelma orientalis,Brigalow Scaly-foot,VU,LC,N,2018-1
Phelsuma guentheri,Round Island Day Gecko,EN,VU,G,2018-2
Phyllurus gulbaru,,CR,EN,N,2018-1
Platysaurus monotropis,Orange-throated Flat Lizard,EN,NT,N,2018-2
Psammobates tentorius,Tent Tortoise,LC,NT,G,2018-2
Psammophis leightoni,Cape Sand Snake,VU,LC,N,2018-2
Pseudocalotes dringi,,DD,LC,N,2018-2
Pseudocordylus langi,Lang's Crag Lizard,NT,LC,N,2018-2
Pseudocordylus spinosus,Spiny Crag Lizard,NT,LC,N,2018-2
Pseudocordylus transvaalensis,Northern Crag Lizard,NT,LC,N,2018-2
Ptychozoon horsfieldii,Horsfield's Flying Gecko,DD,LC,N,2018-2
Scelotes gronovii,Gronovi's Dwarf Burrowing Skink,NT,LC,N,2018-2
Scincella punctatolineata,Burma Smooth Skink,DD,LC,N,2018-2
Sphenomorphus tritaeniatus,,DD,NT,N,2018-2
Strophurus taenicauda,Golden Spiny-tailed Gecko,NT,LC,N,2018-1
Takydromus hani,South-east Asian Green Grass Lizard,DD,LC,N,2018-2
Tetradactylus breyeri,Breyer's Long-tailed Seps,VU,LC,N,2018-2
Tropidosaura cottrelli,Cottrell's Mountain Lizard,NT,LC,N,2018-2
Tympanocryptis pinguicolla,Grassland Earless Dragon,VU,EN,G,2018-1
Typhlosaurus lomiae,Lomi's Blind Legless Skink,NT,LC,N,2018-2
Uvidicolus sphyrurus,Border Thick-tailed Gecko,LR/nt,LC,N,2018-1
Vhembelacerta rupicola,Soutpansberg Rock Lizard,NT,LC,N,2018-2
"",,,,,
AMPHIBIANS,,,,,
Adenomera lutzi,Lutz's Tropical Bullfrog,DD,EN,N,2018-1
Alcalus mariae,Palawan Eastern Frog,DD,EN,N,2018-1
Allobates alessandroi,Rocket Frog,DD,EN,N,2018-1
Allobates melanolaemus,,DD,LC,N,2018-2
Alsodes valdiviensis,,DD,EN,N,2018-1
Ameerega bassleri,Pleasing Poison Frog,NT,VU,N,2018-1
Ameerega cainarachi,Cainarachi Poison Frog,VU,EN,N,2018-1
Ameerega rubriventris,Rana Venenosa,DD,EN,N,2018-1
Anomaloglossus kaiei,Kaie Rock Frog,LC,EN,N,2018-1
Ansonia albomaculata,White-lipped Slender Toad,NT,LC,N,2018-1
Ansonia fuliginea,Montane Slender Toad,VU,LC,N,2018-1
Ansonia guibei,Mesilau Stream Toad,EN,CR,G,2018-1
Ansonia hanitschi,Kadamaian Stream Toad,NT,LC,N,2018-1
Ansonia longidigita,Long-fingered Slender Toad,NT,LC,N,2018-1
Ansonia mcgregori,Mcgregor's Toad,VU,LC,N,2018-2
Ansonia minuta,Dwarf Slender Toad,NT,LC,N,2018-1
Ansonia muelleri,Mueller’s Toad,VU,LC,N,2018-2
Ansonia penangensis,Penang Stream Toad,VU,LC,N,2018-2
Ansonia platysoma,,EN,LC,N,2018-1
Ansonia spinulifer,Spiny Slender Toad,NT,LC,N,2018-1
Ansonia torrentis,Gunung Mulu Stream Toad,VU,LC,N,2018-1
Atelopus andinus,,CR,EN,N,2018-2
Atelopus balios,Rio Pescado Stubfoot Toad,CR(PE),CR,N,2018-1
Atelopus epikeisthos,,CR,EN,N,2018-1
Atelopus exiguus,,CR,EN,N,2018-1
Atelopus ignescens,Quito Stubfoot Toad,EX,CR,N,2018-1
Atelopus nanay,,CR(PE),CR,N,2018-1
Atelopus nepiozomus,Gualecenita Stubfoot Toad,CR,EN,N,2018-1
Atelopus orcesi,,CR,CR(PE),N,2018-1
Atelopus palmatus,,DD,CR,N,2018-1
Atelopus pulcher,Arlequín Camuflado Peruano,CR,VU,G,2018-2
Atelopus seminiferus,Upper Amazon Stubfoot Toad,CR,EN,N,2018-1
Barbourula busuangensis,Busuanga Jungle Toad,VU,NT,N,2018-2
Boana melanopleura,,DD,LC,N,2018-1
Bolitoglossa palmata,Amazon Mushroomtongue Salamander,VU,LC,N,2018-1
Bryophryne bustamantei,,EN,LC,N,2018-1
Bryophryne gymnotis,,DD,LC,N,2018-1
Centrolene hesperium,Basecamp Giant Glass Frog,VU,EN,N,2018-2
Chalcorana crassiovis,Korinchi Frog,DD,LC,N,2018-1
Chalcorana macrops,,NT,VU,N,2018-2
Chiasmocleis devriesi,,DD,LC,N,2018-2
Chiasmocleis magnova,,DD,LC,N,2018-2
Chimerella mariaelenae,Rana de Cristal de María Elena,VU,LC,N,2018-1
Cochranella erminea,,DD,LC,N,2018-1
Cochranella euhystrix,Ridge Cochran Frog,DD,CR,N,2018-2
Cochranella geijskesi,Wilhelmina Cochran Frog,DD,LC,N,2018-1
Colostethus ruthveni,,EN,NT,N,2018-1
Crotaphatrema lamottei,Mount Oku Caecilian,DD,CR,N,2018-1
Ctenophryne barbatula,,VU,EN,N,2018-1
Duttaphrynus sumatranus,,CR,DD,N,2018-1
Ecnomiohyla phantasmagoria,,EN,DD,N,2018-1
Espadarana audax,Napo Giant Glass Frog,EN,LC,N,2018-1
Excidobates captivus,Rio Santiago Poison Frog,LC,VU,N,2018-2
Feihyla kajau,White-eared Tree Frog,NT,LC,N,2018-1
Gastrotheca ochoai,Chilca Marsupial Frog,DD,EN,N,2018-1
Gastrotheca orophylax,Papallacta Marsupial Frog,EN,VU,N,2018-2
Gastrotheca pacchamama,Ayacucho Marsupial Frog,DD,EN,N,2018-1
Gastrotheca pseustes,San Lucas Marsupial Frog,EN,NT,N,2018-2
Gastrotheca rebeccae,,DD,EN,N,2018-1
Gastrotheca zeugocystis,,CR,DD,N,2018-1
Glyphoglossus flavus,,DD,LC,N,2018-1
Glyphoglossus smithi,,DD,NT,N,2018-1
Glyphoglossus volzi,,DD,LC,N,2018-1
Huia masonii,Javan Torrent Frog,VU,LC,N,2018-2
Huia modiglianii,,DD,LC,N,2018-2
Hyloscirtus lindae,Linda's Treefrog,VU,LC,N,2018-2
Hyloscirtus pantostictus,Rio Chingual Valley Treefrog,EN,CR,N,2018-1
Hyloxalus insulatus,,DD,VU,N,2018-2
Hyloxalus sylvaticus,Forest Rocket Frog,DD,EN,N,2018-1
Hyperolius ademetzi,Bamenda Reed Frog,NT,EN,N,2018-1
Hyperolius hutsebauti,,DD,LC,N,2018-1
Hypodactylus araiodactylus,,DD,EN,N,2018-1
Hypodactylus lucida,Cannatella's Andes Frog,CR,EN,N,2018-1
Ichthyophis hypocyaneus,Javan Caecilian,DD,LC,N,2018-2
Ichthyophis mindanaoensis,Todaya Caecilian,DD,LC,N,2018-1
Ichthyophis paucisulcus,Yellow-banded Caecilian,DD,LC,N,2018-1
Ichthyophis weberi,Malatgan River Caecilian,DD,EN,N,2018-1
Insuetophrynus acarpicus,Barrio's Frog,CR,EN,N,2018-1
Isthmura boneti,Oaxacan False Brook Salamander,VU,EN,N,2018-1
Kalophrynus baluensis,,NT,LC,N,2018-1
Kalophrynus intermedius,Intermediate Sticky Frog,VU,LC,N,2018-1
Kalophrynus minusculus,Small Sticky Frog,VU,LC,N,2018-2
Kalophrynus nubicola,,NT,LC,N,2018-2
Kalophrynus punctatus,Dotted Grainy Frog,VU,LC,N,2018-2
Kalophrynus subterrestris,Burrowing Grainy Frog,NT,LC,N,2018-1
Kaloula kalingensis,Kalinga Narrowmouth Toad,VU,LC,N,2018-1
Kaloula rigida,Luzon Narrow-mouthed Frog,VU,LC,N,2018-1
Kaloula walteri,,DD,VU,N,2018-1
Leptobrachella arayai,Kinabalu Slender Litter Frog,VU,LC,G,2018-1
Leptobrachella baluensis,Kinabalu Dwarf Litter Frog,VU,LC,N,2018-2
Leptobrachella brevicrus,,VU,LC,N,2018-2
Leptobrachella parva,,VU,LC,N,2018-1
Leptobrachella picta,,VU,LC,N,2018-1
Leptobrachium gunungense,,VU,LC,N,2018-1
Leptodactylus pascoensis,Hualo,VU,DD,N,2018-1
Leptolalax kajangensis,Kajang Slender Litter Frog,VU,LC,N,2018-2
Leptolalax maurus,Montane Slender Litter Frog,NT,LC,N,2018-2
Limnonectes arathooni,Djikoro Wart Frog,EN,VU,N,2018-2
Limnonectes asperatus,Rough-backed Frog,NT,LC,N,2018-1
Limnonectes dammermani,Dammerman's Wart Frog,NT,LC,N,2018-1
Limnonectes ibanorum,Rough-backed River Frog,NT,LC,N,2018-1
Limnonectes ingeri,Inger's Wart Frog,NT,LC,N,2018-1
Limnonectes kenepaiensis,Kenepai Wart Frog,DD,VU,N,2018-1
Limnonectes macrodon,Malaya Wart Frog,VU,LC,N,2018-2
Limnonectes parvus,Philippines Small-disked frog,VU,LC,N,2018-1
Limnonectes rhacodus,,NT,LC,N,2018-1
Limnonectes visayanus,Philippine Wart Frog,VU,NT,N,2018-2
Lithobates bwana,Rio Chipillico Frog,VU,LC,N,2018-1
Lynchius flavomaculatus,Yellow-spotted Andes Frog,VU,DD,N,2018-1
Lynchius nebulanastes,Canchaque Andes Frog,DD,EN,N,2018-1
Megophrys baluensis,Kinabalu Horned Frog,NT,LC,N,2018-1
Megophrys dringi,Dring’s Horned Frog,NT,LC,N,2018-2
Megophrys kobayashii,Kobayashi's Horned Frog,NT,LC,N,2018-1
Megophrys ligayae,Palawan Horned Frog,EN,NT,N,2018-1
Megophrys parallela,,DD,LC,N,2018-1
Megophrys stejnegeri,Mindanao Horned Frog,VU,LC,N,2018-1
Meristogenys amoropalamus,Mountain Borneo Frog,VU,LC,N,2018-1
Meristogenys kinabaluensis,Kinabalu Torrent Frog,NT,LC,N,2018-1
Meristogenys whiteheadi,Whitehead's Borneo Frog,NT,LC,N,2018-1
Microhyla maculifera,Spotted Narrow-mouthed Frog,VU,DD,N,2018-1
Microhyla perparva,Labang Forest Rice Frog,NT,LC,N,2018-1
Microhyla petrigena,Kapit Rice Frog,NT,LC,N,2018-2
Nannophryne cophotis,Paramo Toad,LC,CR(PE),G,2018-2
Nannophryne corynetes,Abra Malaga Toad,VU,EN,G,2018-1
Noblella lynchi,,DD,EN,N,2018-1
Nyctixalus margaritifer,Java Indonesian Treefrog,VU,LC,N,2018-2
Nyctixalus spinosus,Spiny Indonesian Treefrog,VU,LC,N,2018-1
Nymphargus griffithsi,Ecuador Cochran Frog,VU,LC,N,2018-1
Nymphargus mariae,Maria's Giant Glass Frog,EN,LC,N,2018-1
Nymphargus mixomaculatus,,DD,CR,N,2018-1
Nymphargus ocellatus,Spotted Cochran Frog,NT,DD,N,2018-1
Nymphargus phenax,Tutumbaro Cochran Frog,DD,EN,N,2018-2
Nymphargus posadae,,VU,LC,N,2018-1
Occidozyga diminutiva,Tiny Oriental Frog,VU,NT,N,2018-2
Oreobates lehri,,LC,EN,N,2018-1
Oreobates lundbergi,,DD,EN,N,2018-1
Oreobates pereger,Ayacucho Andes Frog,CR,EN,N,2018-1
Oreobates saxatilis,Tarapoto Big-headed Frog,DD,LC,N,2018-1
Oreophryne anulata,Mindanao Cross Frog,VU,LC,N,2018-1
Oreophryne nana,Camiguin Cross Frog,DD,NT,N,2018-1
Osornophryne talipes,Cannatella's Plump Toad,EN,VU,N,2018-1
Pelophryne albotaeniata,White-striped Flathead Toad,EN,VU,N,2018-1
Pelophryne api,,EN,LC,N,2018-2
Philautus acutirostris,Pointed-snouted Tree Frog,VU,LC,N,2018-2
Philautus acutus,Raspy Bush Frog,VU,LC,N,2018-1
Philautus amoenus,Kamboranga Bush Frog,VU,LC,N,2018-1
Philautus bunitus,Green Bush Frog,VU,LC,N,2018-1
Philautus cornutus,Horned Bubble-nest Frog,DD,EN,N,2018-2
Philautus disgregus,Disparate Bush Frog,EN,NT,N,2018-2
Philautus everetti,Everett's Flying Frog,NT,EN,N,2018-2
Philautus gunungensis,,VU,LC,N,2018-1
Philautus hosii,Borneo Bubble-nest Frog,NT,LC,N,2018-1
Philautus leitensis,MIndanao Bush Frog,VU,LC,N,2018-2
Philautus poecilius,,VU,LC,N,2018-1
Philautus saueri,Sauer’s Bush Frog,VU,LC,N,2018-1
Philautus similis,,EN,DD,N,2018-1
Philautus surrufus,Molted Tree Frog,EN,NT,N,2018-1
Philautus tectus,Obscure Bush Frog,VU,LC,N,2018-1
Philautus umbra,Pinnacle Bubble-nest Frog,VU,LC,N,2018-2
Philautus worcesteri,Smooth-skinned Tree Frog,VU,LC,N,2018-1
Phrynopus barthlenae,,VU,EN,N,2018-1
Phrynopus bracki,Brack's Andes Frog,EN,DD,N,2018-1
Phrynopus dagmarae,,CR,EN,N,2018-1
Phrynopus horstpauli,,VU,EN,N,2018-1
Phrynopus kauneorum,,CR,EN,N,2018-1
Phrynopus tautzorum,,CR,DD,N,2018-1
Phrynopus tribulosus,,DD,LC,N,2018-1
Platymantis banahao,,VU,NT,G,2018-2
Platymantis cagayanensis,,EN,NT,N,2018-1
Platymantis cornutus,,VU,LC,N,2018-1
Platymantis diesmosi,,DD,EN,N,2018-1
Platymantis guentheri,Gunther's Wrinkled Ground Frog,VU,LC,N,2018-1
Platymantis hazelae,Hazel's Wrinkled Ground Frog,EN,VU,N,2018-1
Platymantis indeprensus,,VU,NT,N,2018-2
Platymantis isarog,,VU,LC,N,2018-1
Platymantis mimulus,,NT,LC,N,2018-1
Platymantis naomii,,VU,NT,N,2018-2
Platymantis negrosensis,Negros Forest Frog,EN,NT,N,2018-2
Platymantis paengi,Panay Limestone Frog,DD,EN,N,2018-1
Platymantis polillensis,Polillo Wrinkled Ground Frog,EN,LC,N,2018-1
Platymantis pseudodorsalis,,VU,NT,N,2018-2
Platymantis pygmaeus,,VU,LC,N,2018-2
Platymantis rabori,Rabori's Forest Frog,VU,LC,N,2018-1
Platymantis taylori,,EN,VU,N,2018-1
Pristimantis adiastolus,,DD,LC,N,2018-2
Pristimantis albertus,,DD,VU,N,2018-1
Pristimantis aniptopalmatus,,DD,LC,N,2018-1
Pristimantis apiculatus,La Planada Robber Frog,DD,EN,N,2018-2
Pristimantis ardalonychus,Río Cerranayacu Rain Frog,DD,EN,N,2018-1
Pristimantis avicuporum,,DD,LC,N,2018-1
Pristimantis bromeliaceus,Bromeliad Robber Frog,VU,LC,N,2018-2
Pristimantis colodactylus,Piura Robber Frog,VU,LC,N,2018-1
Pristimantis colomai,,EN,VU,N,2018-1
Pristimantis condor,Condor Robber Frog,VU,LC,N,2018-1
Pristimantis cruciocularis,,VU,LC,N,2018-2
Pristimantis incomptus,Santa Rosa Robber Frog,VU,LC,N,2018-2
Pristimantis katoptroides,,EN,LC,N,2018-1
Pristimantis lirellus,,DD,LC,N,2018-1
Pristimantis lucasi,,DD,LC,N,2018-2
Pristimantis nephophilus,Cutín de Rioja,VU,NT,N,2018-1
Pristimantis pataikos,Cutín de Leimebamba,VU,DD,N,2018-1
Pristimantis percnopterus,,NT,LC,N,2018-1
Pristimantis petrobardus,Huambos Robber Frog,DD,EN,N,2018-1
Pristimantis pinguis,,DD,EN,N,2018-1
Pristimantis rhabdocnemus,,DD,LC,N,2018-1
Pristimantis rhodostichus,Cutín de Tangarana,VU,LC,N,2018-1
Pristimantis rufioculis,,DD,VU,N,2018-1
Pristimantis scolodiscus,Ricuarte Robber Frog,EN,VU,N,2018-1
Pristimantis serendipitus,Cutín de la cordillera de Colán,VU,EN,N,2018-1
Pristimantis stictogaster,,DD,LC,N,2018-1
Pristimantis tantanti,,DD,LC,N,2018-1
Pristimantis trachyblepharis,Cutín de Franja Blanca,DD,LC,N,2018-2
Pristimantis ventriguttatus,,VU,DD,N,2018-2
Pristimantis verecundus,Zacualtipan Robber Frog,VU,NT,N,2018-1
Pristimantis versicolor,Loja Robber Frog,VU,LC,N,2018-1
Pristimantis wagteri,,DD,EN,N,2018-1
Psychrophrynella usurpator,,EN,NT,N,2018-1
Pulchrana mangyanum,,EN,VU,N,2018-2
Pulchrana moellendorffi,Culion Frog,NT,LC,N,2018-2
Pulchrana similis,Laguna del Bay Frog,NT,LC,N,2018-2
Ranitomeya fantastica,Fantastic Poison Frog,NT,VU,N,2018-1
Rentapia everetti,Everett's Asian Tree Toad,DD,LC,N,2018-2
Rhacophorus achantharrhena,,DD,LC,N,2018-1
Rhacophorus angulirostris,Kina Balu Flying Frog,EN,NT,N,2018-2
Rhacophorus baluensis,,NT,LC,N,2018-1
Rhacophorus barisani,,DD,LC,N,2018-2
Rhacophorus bifasciatus,,NT,LC,N,2018-2
Rhacophorus bimaculatus,Mindanao Flying Frog,VU,LC,N,2018-1
Rhacophorus calcaneus,Vietnam Flying Frog,NT,EN,N,2018-1
Rhacophorus catamitus,,DD,LC,N,2018-2
Rhacophorus dulitensis,Jade Tree Frog,NT,LC,N,2018-2
Rhacophorus edentulus,Celebes Flying Frog,DD,LC,N,2018-2
Rhacophorus gadingensis,Gunung Gading Tree Frog,DD,LC,N,2018-2
Rhacophorus georgii,Tuwa Flying Frog,DD,LC,N,2018-2
Rhacophorus modestus,Boulenger's Flying Frog,DD,LC,N,2018-2
Rhacophorus monticola,,NT,VU,N,2018-2
Rhacophorus poecilonotus,Sumatra Flying Frog,DD,LC,N,2018-2
Rhacophorus rufipes,Malaysian Flying Frog,NT,LC,N,2018-1
Rhaebo colomai,Carchi Andes Toad,CR(PE),EN,N,2018-1
Rhinella arborescandens,,DD,EN,N,2018-1
Rhinella chavin,,CR,EN,N,2018-1
Rhinella festae,Valle Santiago Beaked Toad,NT,LC,N,2018-2
Rhinella lescurei,Guiana Shield Leaf Toad,DD,LC,N,2018-1
Rhinella nesiotes,Laguna Toad,EN,VU,N,2018-2
Rhinella vellardi,Alto Marañon Toad,DD,EN,N,2018-1
Rhinella yanachaga,,VU,EN,N,2018-1
Rhinoderma darwinii,Darwin's Frog,VU,EN,N,2018-1
Sanguirana luzonensis,Luzon Frog,NT,LC,N,2018-2
Sanguirana mearnsi,Cabilian Frog,DD,LC,N,2018-2
Scinax oreites,Balzapata Snouted Treefrog,NT,LC,N,2018-1
Staurois parvus,Bornean Rock Frog,DD,VU,N,2018-1
Staurois tuberilinguis,Borneo Splash Frog,NT,LC,N,2018-1
Sylvirana faber,,LC,VU,N,2018-1
Telmatobius degener,,EN,DD,N,2018-1
Telmatobius hockingi,Hocking's Water Frog,VU,DD,N,2018-1
Telmatobius intermedius,Allipaca Water Frog,DD,EN,N,2018-2
Telmatobius thompsoni,Thompson's Water Frog,EN,DD,N,2018-1
Truebella tothastes,,DD,EN,N,2018-1
Werneria bambutensis,Bamboutos Smalltongue Toad,EN,CR,G,2018-1
Werneria tandyi,Tandy's Smalltongue Toad,EN,CR,G,2018-1
Xenopus amieti,Volcano Clawed Frog,NT,VU,N,2018-1
Xenopus boumbaensis,Mawa Clawed Frog,DD,NT,N,2018-1
"",,,,,
BONY FISHES,,,,,
Aethaloperca rogaa,Redmouth Grouper,DD,LC,N,2018-2
Alticorpus profundicula,,LC,DD,N,2018-2
Anchoa chamensis,Chame Point anchovy,VU,DD,N,2018-2
Anodontostoma selangkat,Indonesian Gizzard Shad,DD,LC,N,2018-2
Aulonocara aquilonium,,VU,LC,N,2018-2
Aulonocara auditor,,VU,DD,N,2018-2
Aulonocara baenschi,Nkhomo-benga Peacock,LC,CR,N,2018-2
Aulonocara ethelwynnae,Chitande Aulonocara,VU,NT,N,2018-2
Aulonocara guentheri,,LC,EN,G,2018-2
Aulonocara hueseri,Night Aulonocara,VU,LC,N,2018-2
Aulonocara kandeense,Blue Orchid Aulonocara,VU,CR,G,2018-2
Aulonocara maylandi,Sulphur Head Aulonocara,VU,CR,G,2018-2
Aulonocara nyassae,Peacock Cichlid,VU,NT,N,2018-2
Bagrus meridionalis,Kampango,LC,CR,G,2018-2
Cephalopholis aitha,Rusty Hind,DD,LC,N,2018-2
Cephalopholis aurantia,Golden Hind,DD,LC,N,2018-2
Cephalopholis hemistiktos,Yellowfin Hind,NT,LC,N,2018-2
Cephalopholis igarashiensis,Garish Hind,DD,LC,N,2018-2
Cephalopholis nigripinnis,Darkfin Hind,DD,LC,N,2018-2
Cephalopholis taeniops,African Hind,DD,LC,N,2018-2
Champsochromis spilorhynchus,,LC,EN,G,2018-2
Chiloglanis emarginatus,Phongolo Suckermouth,LC,VU,N,2018-1
Chindongo ater,,VU,NT,N,2018-2
Chindongo cyaneus,,VU,NT,N,2018-2
Chindongo elongatus,Elongate Mbuna,VU,NT,N,2018-2
Chindongo flavus,,VU,NT,N,2018-2
Chindongo heteropictus,,VU,LC,N,2018-2
Chindongo longior,,VU,LC,N,2018-2
Chindongo saulosi,,VU,CR,G,2018-2
Copadichromis atripinnis,,VU,LC,N,2018-2
Copadichromis azureus,,LC,NT,G,2018-2
Copadichromis geertsi,,VU,LC,N,2018-2
Copadichromis mbenjii,,VU,LC,N,2018-2
Copadichromis mloto,,LC,DD,N,2018-2
Copadichromis nkatae,,VU,CR(PE),N,2018-2
Copadichromis trewavasae,,VU,LC,N,2018-2
Copadichromis verduyni,,VU,LC,N,2018-2
Copadichromis virginalis,Pure Utaka,DD,NT,N,2018-2
Corematodus shiranus,,LC,CR(PE),G,2018-2
Cromileptes altivelis,Humpback Grouper,VU,DD,N,2018-2
Cynotilapia axelrodi,,VU,LC,N,2018-2
Cynotilapia zebroides,,VU,LC,N,2018-2
Cyrtocara moorii,Hump-head,LC,VU,N,2018-2
Dermatolepis inermis,Marbled Grouper,NT,DD,N,2018-2
Dermatolepis striolata,Smooth Grouper,DD,LC,N,2018-2
Diplotaxodon ecclesi,,DD,LC,N,2018-2
Enteromius amatolicus,Amatola Barb,VU,DD,N,2018-1
Enteromius eutaenia,Orangefin Barb,DD,LC,N,2018-2
Enteromius litamba,,LC,DD,N,2018-2
Epinephelus amblycephalus,Banded Grouper,DD,LC,N,2018-2
Epinephelus bilobatus,Twinspot Grouper,DD,LC,N,2018-2
Epinephelus bleekeri,Duskytail Grouper,NT,DD,N,2018-2
Epinephelus bontoides,Palemargin Grouper,DD,LC,N,2018-2
Epinephelus chabaudi,Moustache Grouper,DD,LC,N,2018-2
Epinephelus cifuentesi,Olive Grouper,NT,LC,N,2018-2
Epinephelus coioides,Orange-spotted Grouper,NT,LC,N,2018-2
Epinephelus corallicola,Coral Grouper,DD,LC,N,2018-2
Epinephelus diacanthus,Spinycheek Grouper,NT,LC,N,2018-2
Epinephelus drummondhayi,Speckled Hind,CR,DD,N,2018-2
Epinephelus epistictus,Dotted Grouper,DD,LC,N,2018-2
Epinephelus erythrurus,Cloudy Grouper,DD,LC,N,2018-2
Epinephelus fasciatomaculosus,Rock Grouper,DD,LC,N,2018-2
Epinephelus faveatus,Barred-chest Grouper,DD,LC,N,2018-2
Epinephelus fuscoguttatus,Brown-marbled Grouper,NT,VU,N,2018-2
Epinephelus gabriellae,Multispotted Grouper,VU,LC,N,2018-2
Epinephelus goreensis,Dungat Grouper,DD,NT,N,2018-2
Epinephelus heniochus,Bridled Grouper,DD,LC,N,2018-2
Epinephelus itajara,Atlantic Goliath Grouper,CR,VU,N,2018-2
Epinephelus lanceolatus,Giant Grouper,VU,DD,N,2018-2
Epinephelus latifasciatus,Striped Grouper,DD,LC,N,2018-2
Epinephelus magniscuttis,Speckled Grouper,DD,LC,N,2018-2
Epinephelus malabaricus,Malabar Grouper,NT,LC,N,2018-2
Epinephelus marginatus,Dusky Grouper,EN,VU,N,2018-2
Epinephelus melanostigma,One-blotch Grouper,DD,LC,N,2018-2
Epinephelus morio,Red Grouper,NT,VU,N,2018-2
Epinephelus polylepis,Smallscaled Grouper,NT,LC,N,2018-2
Epinephelus polyphekadion,Camouflage Grouper,NT,VU,N,2018-2
Epinephelus polystigma,White-dotted Grouper,DD,LC,N,2018-2
Epinephelus retouti,Red-tipped Grouper,DD,LC,N,2018-2
Epinephelus sexfasciatus,Sixbar Grouper,DD,LC,N,2018-2
Epinephelus socialis,Surge Grouper,NT,LC,N,2018-2
Epinephelus stoliczkae,Epaulet Grouper,DD,LC,N,2018-2
Epinephelus striatus,Nassau Grouper,EN,CR,N,2018-2
Epinephelus summana,Summan Grouper,DD,LC,N,2018-2
Epinephelus timorensis,Yellowspotted Grouper,DD,LC,N,2018-2
Epinephelus undulatostriatus,Maori Rock Cod,DD,LC,N,2018-2
Epinephelus undulosus,Wavy-lined Grouper,DD,LC,N,2018-2
Gonialosa modesta,Burmese River Gizzard Shad,LC,DD,N,2018-2
Gracila albomarginata,Masked Grouper,DD,LC,N,2018-2
Haplochromis tweddlei,,VU,DD,N,2018-2
Hyporthodus acanthistius,Rooster Hind,LC,VU,N,2018-2
Hyporthodus ergastularius,Banded Rockcod,LC,NT,G,2018-2
Hyporthodus exsul,Tenspine Grouper,DD,LC,N,2018-2
Hyporthodus haifensis,Haifa Grouper,DD,LC,N,2018-2
Hyporthodus nigritus,Warsaw Grouper,CR,NT,N,2018-2
Hyporthodus niphobles,Star-studded Grouper,DD,LC,N,2018-2
Hyporthodus octofasciatus,Eightbar Grouper,DD,LC,N,2018-2
Hyporthodus quernus,Hawaiian Grouper,NT,LC,N,2018-2
Hyporthodus septemfasciatus,Convict Grouper,LC,DD,N,2018-2
Iodotropheus sprengerae,,VU,NT,N,2018-2
Iodotropheus stuartgranti,,VU,LC,N,2018-2
Labeo mesops,,EN,CR,N,2018-2
Labeo rubromaculatus,Tugela Labeo,LC,VU,N,2018-1
Labeo ruddi,Silver Labeo,LC,DD,N,2018-2
Labidochromis chisumulae,,VU,LC,N,2018-2
Labidochromis flavigulis,Chisumulu Pearl,VU,LC,N,2018-2
Labidochromis freibergi,,VU,LC,N,2018-2
Labidochromis gigas,,VU,LC,N,2018-2
Labidochromis heterodon,,VU,LC,N,2018-2
Labidochromis ianthinus,,VU,LC,N,2018-2
Labidochromis joanjohnsonae,Pearl Of Likoma,VU,NT,N,2018-2
Labidochromis lividus,,VU,LC,N,2018-2
Labidochromis mbenjii,,VU,LC,N,2018-2
Labidochromis mylodon,,VU,LC,N,2018-2
Labidochromis pallidus,,VU,LC,N,2018-2
Labidochromis strigatus,,VU,LC,N,2018-2
Labidochromis zebroides,,VU,EN,N,2018-2
Lethrinops longipinnis,,DD,LC,N,2018-2
Lethrinops macracanthus,,EN,DD,N,2018-2
Lethrinops macrophthalmus,,VU,LC,N,2018-2
Lethrinops micrentodon,,EN,DD,N,2018-2
Lethrinops microdon,,EN,DD,N,2018-2
Mchenga conophoros,,VU,CR,G,2018-2
Mchenga cyclicos,,VU,NT,N,2018-2
Mchenga thinos,,VU,LC,N,2018-2
Melanochromis baliodigma,,VU,LC,N,2018-2
Melanochromis chipokae,,VU,CR,G,2018-2
Melanochromis dialeptos,,VU,LC,N,2018-2
Melanochromis heterochromis,,VU,LC,N,2018-2
Melanochromis lepidiadaptes,,VU,CR,G,2018-2
Melanochromis loriae,,VU,LC,N,2018-2
Melanochromis robustus,,LC,NT,N,2018-2
Melanochromis vermivorus,Purple Mbuna,LC,NT,N,2018-2
Metriaclima aurora,,VU,LC,N,2018-2
Metriaclima benetos,,VU,NT,N,2018-2
Metriaclima callainos,,VU,LC,N,2018-2
Metriaclima chrysomallos,,VU,NT,N,2018-2
Metriaclima cyneusmarginatum,,VU,NT,N,2018-2
Metriaclima emmiltos,,VU,LC,N,2018-2
Metriaclima estherae,Red Zebra,VU,LC,N,2018-2
Metriaclima greshakei,Ice Blue Mbuna,VU,NT,N,2018-2
Metriaclima hajomaylandi,,VU,LC,N,2018-2
Metriaclima lombardoi,,VU,LC,N,2018-2
Metriaclima mbenjii,Red-top Cobalt Mbuna,VU,LC,N,2018-2
Metriaclima phaeos,,VU,LC,N,2018-2
Metriaclima pyrsonotos,Red-top Zebra,VU,LC,N,2018-2
Metriaclima xanstomachus,,VU,NT,N,2018-2
Mycteroperca fusca,Island Grouper,EN,VU,N,2018-2
Mycteroperca phenax,Scamp,LC,DD,N,2018-2
Mycteroperca prionura,Sawtail Grouper,NT,DD,N,2018-2
Mycteroperca rosacea,Leopard Grouper,VU,LC,N,2018-2
Mycteroperca tigris,Tiger Grouper,LC,DD,N,2018-2
Mycteroperca xenarcha,Broomtail Grouper,LC,DD,N,2018-2
Nimbochromis fuscotaeniatus,,LC,VU,G,2018-2
Nothobranchius kirki,,LC,VU,N,2018-2
Nyassachromis boadzulu,,VU,EN,N,2018-2
Nyassachromis breviceps,,LC,CR(PE),N,2018-2
Nyassachromis leuciscus,Small Green Utaka,LC,DD,N,2018-2
Opisthopterus effulgens,Vaqueira longfin herring,VU,DD,N,2018-2
Opsaridium microcephalum,,VU,LC,N,2018-2
Opsaridium microlepis,Lake Salmon,EN,VU,N,2018-2
Opsaridium tweddleorum,Dwarf Sanjika,LC,DD,N,2018-2
Oreochromis karongae,Chamba,EN,CR,G,2018-2
Oreochromis lidole,Chamba,EN,CR(PE),N,2018-2
Oreochromis squamipinnis,Chamba,EN,CR,G,2018-2
Otopharynx lithobates,,VU,LC,N,2018-2
Otopharynx selenurus,,LC,DD,N,2018-2
Petrotilapia chrysos,,VU,LC,N,2018-2
Petrotilapia nigra,,VU,LC,N,2018-2
Placidochromis phenochilus,,LC,EN,N,2018-2
Plectropomus laevis,Blacksaddled Coral Grouper,VU,LC,N,2018-2
Plectropomus leopardus,Leopard Coral Grouper,NT,LC,N,2018-2
Plectropomus oligacanthus,Highfin Coral Grouper,NT,LC,N,2018-2
Plectropomus pessuliferus,Roving Coralgrouper,NT,LC,N,2018-2
Plectropomus punctatus,Marbled Coralgrouper,DD,LC,N,2018-2
Protomelas virgatus,,VU,LC,N,2018-2
Pseudobarbus asper,Smallscale Redfin,EN,VU,N,2018-1
Pseudotropheus brevis,,LC,EN,G,2018-2
Pseudotropheus cyaneorhabdos,,VU,CR,G,2018-2
Pseudotropheus fuscus,,DD,LC,N,2018-2
Pseudotropheus galanos,,VU,NT,N,2018-2
Pseudotropheus interruptus,,VU,NT,N,2018-2
Pseudotropheus johannii,Bluegray Mbuna,VU,LC,N,2018-2
Pseudotropheus perileucos,,VU,LC,N,2018-2
Pseudotropheus purpuratus,,VU,LC,N,2018-2
Pseudotropheus tursiops,,VU,NT,N,2018-2
Pseudotropheus williamsi,Red Top Williamsi,LC,NT,N,2018-2
Rhamphochromis esox,,LC,VU,N,2018-2
Rhamphochromis longiceps,,LC,VU,N,2018-2
Saloptia powelli,Golden Grouper,DD,LC,N,2018-2
Serranochromis robustus,,LC,CR,G,2018-2
Stolephorus ronquilloi,Ronquillo's Anchovy,VU,DD,N,2018-2
Tor ater,,VU,NT,N,2018-2
Tor barakae,Barak Mahseer,DD,NT,N,2018-2
Tor kulkarnii,Dwarf mahseer,EN,DD,N,2018-2
Tor sinensis,Red Mahseer,DD,VU,N,2018-2
Tor tor,mahseer,NT,DD,N,2018-2
Trematocranus brevirostris,,DD,LC,N,2018-2
Trematocranus labifer,,LC,DD,N,2018-2
Trematocranus microstoma,Haplochromis Placodon Pointed Head,LC,EN,G,2018-2
Tropheops gracilior,,VU,LC,N,2018-2
Tropheops microstoma,,VU,NT,N,2018-2
Tropheops modestus,,VU,NT,N,2018-2
Tropheops romandi,,VU,LC,N,2018-2
Tropheops tropheops,,VU,LC,N,2018-2
"",,,,,
SHARKS & RAYS,,,,,
Aulohalaelurus kanakorum,New Caledonia Catshark,VU,DD,N,2018-2
Bythaelurus dawsoni,Dawson's Catshark,DD,LC,N,2018-2
Centroscyllium kamoharai,Bareskin Dogfish,DD,LC,N,2018-2
Centroscymnus owstonii,Roughskin Dogfish,LC,VU,N,2018-2
Dalatias licha,Kitefin Shark,NT,VU,N,2018-2
Dipturus innominatus,Smooth Skate,NT,LC,G,2018-2
Echinorhinus cookei,Prickly Shark,NT,DD,N,2018-2
Notoraja lira,Broken Ridge Skate,LC,DD,N,2018-2
Oxynotus bruniensis,Prickly Dogfish,DD,NT,N,2018-2
Parmaturus albimarginatus,Whitetip Catshark,DD,LC,N,2018-2
Parmaturus albipenis,White-clasper Catshark,DD,LC,N,2018-2
Scymnodon plunketi,Plunket's Shark,NT,VU,N,2018-2
Somniosus antarcticus,Southern Sleeper Shark,DD,LC,N,2018-2
Squalus melanurus,Blacktailed Spurdog,LC,DD,N,2018-2
"",,,,,
MOLLUSCS,,,,,
Aspatharia subreniformis,,DD,LC,N,2018-2
Bellamya ecclesi,,DD,CR,N,2018-2
Bellamya jeffreysi,,DD,CR,N,2018-2
Bellamya robertsoni,,EN,CR,G,2018-2
Brephulopsis subulata,,LC,EN,N,2018-1
Chambardia nyassaensis,,VU,LC,N,2018-2
Coelatura hypsiprymna,,NT,LC,N,2018-2
Craspedopoma hespericum,,LR/cd,LC,N,2018-1
Gabbiella stanleyi,,LC,VU,N,2018-2
Geomitra grabhami,,CR(PE),CR,N,2018-1
Geomitra watsoni,,DD,EN,N,2018-1
Hystricella echinulata,,LC,EN,G,2018-1
Lanistes nasutus,,DD,CR,N,2018-2
Lanistes nyassanus,,EN,VU,N,2018-2
Lanistes solidus,,EN,NT,N,2018-2
Melanoides polymorpha,,NT,LC,N,2018-2
Mutela alata,,VU,LC,N,2018-2
Oxychilus furtadoi,,NT,LC,E,2018-1
Papilloderma altonagai,,LR/nt,VU,N,2018-1
Peristoma merduenianum,,NT,VU,N,2018-1
Peristoma rupestre,,NT,LC,N,2018-1
Rhachistia aldabrae,Aldabra Banded Snail,EX,CR,N,2018-1
Sphaerium bequaerti,,LC,DD,N,2018-2
Zonitoides jaccetanicus,,EN,DD,N,2018-1
"",,,,,
DRAGONFLIES & DAMSELFLIES,,,,,
Aciagrion balachowskyi,Gabon Slim,DD,LC,N,2018-1
Aciagrion nodosum,Cryptic Slim,DD,LC,N,2018-1
Aethiothemis gamblesi,Problematic Flasher,DD,EN,N,2018-1
Africallagma cuneistigma,Chimanimani Bluet,VU,CR,N,2018-1
Africocypha centripunctata,Banded Jewel,VU,EN,N,2018-1
Allocnemis interrupta,Gabon Yellowwing,DD,NT,N,2018-1
Allocnemis mitwabae,Katanga Yellowwing,NT,EN,N,2018-1
Argia pima,Pima Dancer,DD,LC,N,2018-1
Argia sabino,Sabino Dancer,VU,LC,N,2018-1
Ceratogomphus triceraticus,Cape Thorntail,VU,NT,N,2018-1
Ceriagrion citrinum,Yellow Waxtail,VU,EN,N,2018-1
Chlorocypha dahli,Orange-nosed Jewel,LC,DD,N,2018-1
Chlorocypha helenae,Sunset Jewel,DD,NT,N,2018-1
Chlorocypha neptunus,Dull Jewel,DD,VU,N,2018-1
Chlorocypha schmidti,Albertine Jewel,VU,EN,N,2018-1
Chlorolestes elegans,Elegant Malachite,VU,NT,N,2018-1
Cordulegaster sayi,Say's Spiketail,VU,LC,N,2018-1
Ecchlorolestes peringueyi,Marbled Malachite,VU,NT,N,2018-1
Enallagma pictum,Scarlet Bluet,NT,LC,N,2018-1
Enallagma recurvatum,Pine Barrens Bluet,NT,LC,N,2018-1
Gomphurus lynnae,Columbia Clubtail,EN,LC,N,2018-1
Hylogomphus geminatus,Twin-striped Clubtail,NT,LC,N,2018-1
Ischnura abyssinica,Ethiopian Bluetail,VU,NT,N,2018-1
Ischnura gemina,San Francisco Forktail,VU,EN,G,2018-1
Leptobasis lucifer,Lucifer Swampdamsel,LC,DD,G,2018-1
Leptobasis melinogaster,Cream-tipped Swampdamsel,DD,VU,N,2018-1
Macrogomphus kerri,,DD,LC,N,2018-2
Macromia margarita,Mountain River Cruiser,NT,LC,N,2018-1
Malgassophlebia westfalli,Dark Leaftipper,DD,LC,N,2018-1
Micromacromia flava,Angola Micmac,DD,NT,N,2018-1
Neodythemis fitzgeraldi,Powdered Junglewatcher,DD,LC,N,2018-1
Neodythemis munyaga,Bwindi Junglewatcher,DD,EN,N,2018-1
Neodythemis takamandensis,Bizarre Junglewatcher,CR,LC,N,2018-1
Ophiogomphus australis,Southern Snaketail,EN,NT,N,2018-1
Ophiogomphus incurvatus,Appalachian Snaketail,NT,LC,N,2018-1
Oreocnemis phoenix,Mulanje Damsel,CR,EN,N,2018-1
Orthetrum sagitta,Arrow Skimmer,DD,LC,N,2018-1
Paragomphus crenigomphoides,Ethiopian Hooktail,DD,NT,N,2018-1
Paragomphus kiautai,Kiauta's Hooktail,DD,LC,N,2018-1
Paragomphus tournieri,Tournier's Hooktail,DD,LC,N,2018-1
Phanogomphus diminutus,Diminutive Clubtail,NT,LC,N,2018-1
Phanogomphus westfalli,Westfall’s Clubtail,VU,NT,N,2018-1
Phyllogomphus schoutedeni,Crowned Leaftail,LC,DD,N,2018-1
Phyllomacromia lamottei,Western Double-spined Cruiser,DD,NT,N,2018-1
Phyllomacromia villiersi,Conbo Double-spined Cruiser,DD,LC,N,2018-1
Pinheyschna waterstoni,Ethiopian Hawker,LC,VU,N,2018-1
Platycypha auripes,Tanzania Jewel,VU,EN,N,2018-1
Platycypha crocea,Angola Jewel,NT,LC,N,2018-1
Progomphus bellei,Belle's Sanddragon,NT,LC,N,2018-1
Proischnura polychromatica,Mauve Bluet,CR,EN,N,2018-1
Pseudagrion angolense,Angola Sprite,DD,NT,N,2018-1
Pseudagrion inopinatum,Badplaas Sprite,EN,NT,N,2018-1
Pseudagrion symoensii,Katanga Sprite,NT,VU,N,2018-1
Pseudagrion vumbaense,Vumba Sprite,VU,EN,N,2018-1
Somatochlora calverti,Calvert's Emerald,NT,DD,N,2018-1
Somatochlora hineana,Hine's Emerald,NT,LC,N,2018-1
Somatochlora margarita,Texas Emerald,VU,DD,N,2018-1
Spesbona angusta,Mauve Bluet,VU,EN,N,2018-1
Stenocypha hasta,Mahale Jewel,VU,EN,N,2018-1
Stenogomphurus consanguis,Cherokee Clubtail,EN,LC,N,2018-1
Stylurus townesi,Townes's Clubtail,VU,LC,N,2018-1
Teinobasis alluaudi,Indian Ocean Fineliner,VU,LC,N,2018-1
Tetrathemis fraseri,Treefall Elf,DD,LC,N,2018-1
Tragogomphus ellioti,Pinhey's Horntail,DD,LC,N,2018-1
Trithemis dubia,,LC,DD,N,2018-1
Trithemis hartwigi,Superb Dropwing,DD,LC,N,2018-1
Trithemis nigra,Principe Dropwing,CR,NT,N,2018-1
Trithemis osvaldae,Sombre Dropwing,DD,LC,N,2018-1
Umma purpurea,Purple Sparklewing,VU,EN,N,2018-1
Urothemis luciana,St Lucia Basker,DD,NT,N,2018-1
Williamsonia lintneri,Ringed Boghaunter,VU,LC,N,2018-1
"",,,,,
MOTHS & BUTTERFLIES,,,,,
Baronia brevicornis,Short-horned Baronia,LR/nt,EN,N,2018-2
Eurytides iphitas,Yellow Kite Swallowtail,VU,EN,G,2018-2
Graphium meeki,,VU,LC,N,2018-2
Graphium mendana,,LR/nt,LC,N,2018-2
Heraclides caiguanabus,Poey's Black Swallowtail,DD,LC,N,2018-2
Heraclides garleppi,,DD,LC,N,2018-2
Heraclides himeros,,LR/nt,VU,N,2018-2
Ornithoptera chimaera,Chimaera Birdwing,LR/nt,LC,N,2018-1
Ornithoptera croesus,Wallace's Golden Birdwing,EN,NT,N,2018-1
Ornithoptera meridionalis,Southern Tailed Birdwing,EN,NT,N,2018-1
Ornithoptera paradisea,Paradise Birdwing,LR/lc,NT,N,2018-1
Ornithoptera rothschildi,Rothschild's Birdwing,VU,NT,N,2018-1
Ornithoptera tithonus,Tithonus Birdwing,DD,LC,N,2018-1
Papilio esperanza,Esperanza Swallowtail,VU,EN,N,2018-2
Parides burchellanus,,LR/nt,EN,G,2018-2
Parides klagesi,,DD,LC,N,2018-2
Parides pizarro,,DD,LC,N,2018-2
Troides andromache,Borneo Birdwing,LR/nt,VU,N,2018-1
"",,,,,
GRASSHOPPERS,,,,,
Acrida bara,Usambara Slant-faced Grasshopper,VU,DD,N,2018-2
"",,,,,
CRABS & CRAYFISHES,,,,,
Caridina dennerli,Sulawesi Cardinal Shrimp,EN,CR(PEW),G,2018-2
Caridina profundicola,Sun Stripe Shrimp,EN,CR,N,2018-2
Caridina spongicola,,EN,CR,G,2018-2
Nautilothelphusa zimmeri,Malili Flat Crab,VU,EN,N,2018-2
Parathelphusa ferruginea,,LC,EN,N,2018-2
Parathelphusa pantherina,Matano Leopard Crab,VU,EN,N,2018-2
Potamonautes choloensis,,VU,LC,N,2018-1
Potamonautes montivagus,,VU,LC,N,2018-1
Syntripsa flavichela,Towuti Molluscivore Crab,LC,EN,N,2018-2
Syntripsa matannensis,Matano Molluscivore Crab,LC,EN,N,2018-2
"",,,,,
PLANTS,,,,,
Acacia anegadensis,Pokemeboy,CR,EN,N,2018-1
Acacia prasinata,,VU,EN,N,2018-2
Acacia pseudonigrescens,,VU,CR,N,2018-2
Acacia venosa,,VU,EN,N,2018-2
Acer duplicatoserratum,,VU,LC,N,2018-1
Acer undulatum,,LR/nt,CR,N,2018-1
Aeranthes carnosa,,VU,DD,N,2018-1
Aeranthes tropophila,,VU,EN,N,2018-2
Aextoxicon punctatum,Teque Muerto,DD,LC,N,2018-2
Allium parciflorum,,DD,LC,N,2018-1
Allium pendulinum,Italian Garlic,DD,LC,N,2018-1
Allium scaberrimum,,DD,VU,N,2018-1
Amaranthus brownii,,CR,EX,G,2018-2
Angraecopsis tridens,,VU,NT,N,2018-1
Angraecum pinifolium,,CR,EN,N,2018-1
Apterosperma oblata,,VU,CR,G,2018-1
Aquilaria malaccensis,Agarwood,VU,CR,G,2018-1
Aquilaria microcarpa,,VU,EN,G,2018-1
Artemisia molinieri,Molinier's Wormwood,VU,EN,N,2018-1
Asteropeia micraster,,EN,VU,N,2018-1
Baudouinia sollyaeformis,,EN,VU,N,2018-2
Betula tianschanica,,EN,DD,N,2018-1
Boswellia ogadensis,,VU,CR,N,2018-2
Boswellia pirottae,,LR/nt,VU,G,2018-2
Bulbophyllum hamelinii,,NT,VU,N,2018-1
Bulbophyllum jaapii,,VU,CR,G,2018-1
Bulbophyllum lizae,,LC,EN,N,2018-1
Bulbophyllum zaratananae,,CR(PE),EN,N,2018-1
Bulnesia sarmientoi,,LR/cd,EN,N,2018-2
Camellia euphlebia,,VU,EN,N,2018-1
Camellia fleuryi,,VU,EN,N,2018-1
Camellia pleurocarpa,,VU,DD,N,2018-1
Camellia pubipetala,,VU,EN,N,2018-1
Camellia reticulata,,VU,DD,N,2018-1
Carthamus balearicus,Gatosa,VU,NT,G,2018-1
Caryocar costaricense,Plomillo,VU,EN,N,2018-1
Cedrela fissilis,Cedro Misionero,EN,VU,N,2018-1
Cenchrus agrimonioides,,CR,EN,G,2018-2
Cephalanthera cucullata,,EN,VU,N,2018-1
Cinnamomum chemungianum,,EN,CR,N,2018-1
Coffea fadenii,,VU,EN,N,2018-1
Coffea mongensis,,VU,EN,N,2018-2
Coffea pocsii,,VU,EN,N,2018-2
Cola cecidiifolia,,CR,EN,N,2018-2
Cola hypochrysea,,VU,EN,N,2018-2
Cola lukei,,EN,CR,N,2018-2
Cola mossambicensis,Large-Leaved Cola,VU,NT,N,2018-2
Cola porphyrantha,,EN,CR,G,2018-2
Cola suboppositifolia,,VU,EN,N,2018-2
Commiphora guidottii,,LR/nt,VU,N,2018-2
Commiphora monoica,,VU,CR,N,2018-2
Convolvulus durandoi,Liseron de Durando,CR,NT,N,2018-2
Cordeauxia edulis,,VU,EN,N,2018-2
Corylus chinensis,Chinese Hazlenut,EN,LC,N,2018-1
Corylus maxima,Filbert,LC,DD,N,2018-2
Coussarea mexicana,,VU,EN,G,2018-2
Crotalaria exaltata,,LR/nt,LC,N,2018-2
Cussonia ostinii,,LR/nt,VU,N,2018-2
Disa katangensis,,LC,DD,N,2018-2
Disa nyikensis,,LC,DD,N,2018-2
Dombeya aethiopica,,LR/nt,LC,N,2018-2
Erythrophysa septentrionalis,,LR/nt,EN,N,2018-2
Eucommia ulmoides,,LR/nt,VU,N,2018-2
Eugenia koolauensis,,EN,CR,G,2018-2
Euphorbia cussonioides,,VU,CR,N,2018-2
Euphorbia kuwaleana,,EN,CR,G,2018-2
Euphorbia mandravioky,,EN,VU,N,2018-2
Euphorbia uniglans,,VU,EN,N,2018-2
Firmiana major,,EW,EN,N,2018-1
Fraxinus sogdiana,,NT,LC,N,2018-1
Gluta papuana,,VU,LC,N,2018-2
Gonystylus bancanus,,VU,CR,G,2018-1
Gonystylus macrophyllus,,VU,LC,N,2018-1
Guibourtia sousae,,DD,CR,N,2018-2
Hopea glabrifolia,,DD,NT,N,2018-1
Hopea hainanensis,,CR,EN,N,2018-1
Hopea parviflora,Malabar Ironwood,EN,LC,N,2018-1
Hopea quisumbingiana,,CR,EN,N,2018-1
Hopea ultima,,DD,NT,N,2018-1
Hypericum gnidiifolium,,VU,CR(PE),N,2018-2
Indigofera rothii,,VU,EN,N,2018-2
Inversodicraea abbayesii,,DD,CR(PE),N,2018-1
Juncus valvatus,Jonc Faux,NT,DD,N,2018-2
Lemurella virescens,,NT,VU,N,2018-1
Leptolaena delphinensis,,CR,VU,N,2018-1
Leptolaena pauciflora,,EN,LC,N,2018-1
Livistona carinensis,Bankoualé Palm,VU,EN,G,2018-1
Lovoa trichilioides,African Walnut,VU,LC,N,2018-1
Machaonia woodburyana,,CR,EN,N,2018-1
Madhuca neriifolia,Illipe Butter Tree,EN,LC,N,2018-1
Manilkara gonavensis,,CR,CR(PE),N,2018-1
Metastelma anegadense,Wire Wist,CR,EN,N,2018-1
Millettia taolanaroensis,,EN,VU,N,2018-1
Nepenthes albomarginata,,LR/cd,LC,N,2018-1
Nepenthes angasanensis,,LR/cd,LC,N,2018-1
Nepenthes bellii,,EN,LC,N,2018-1
Nepenthes bongso,,VU,LC,N,2018-1
Nepenthes densiflora,,LR/cd,LC,N,2018-1
Nepenthes diatas,,LR/cd,LC,N,2018-1
Nepenthes eymae,,VU,LC,N,2018-1
Nepenthes faizaliana,,VU,LC,N,2018-1
Nepenthes fusca,,VU,LC,N,2018-1
Nepenthes glabrata,,VU,LC,N,2018-1
Nepenthes gracillima,,EN,LC,N,2018-1
Nepenthes hamata,,VU,LC,N,2018-1
Nepenthes hirsuta,,LR/cd,LC,N,2018-1
Nepenthes inermis,,VU,LC,N,2018-1
Nepenthes insignis,,VU,LC,N,2018-1
Nepenthes macfarlanei,,VU,LC,N,2018-1
Nepenthes macrovulgaris,,VU,LC,N,2018-1
Nepenthes madagascariensis,,VU,LC,N,2018-1
Nepenthes mapuluensis,,LR/nt,EN,G,2018-1
Nepenthes muluensis,,VU,LC,N,2018-1
Nepenthes murudensis,,EN,LC,N,2018-1
Nepenthes ovata,,VU,LC,N,2018-1
Nepenthes pervillei,,VU,LC,N,2018-1
Nepenthes sanguinea,,LR/cd,LC,N,2018-1
Nepenthes singalana,,VU,LC,N,2018-1
Nepenthes spathulata,,VU,LC,N,2018-1
Nepenthes tomoriana,,VU,LC,N,2018-1
Nepenthes veitchii,,LR/nt,LC,N,2018-1
Nepenthes ventricosa,,LR/nt,LC,N,2018-1
Nepenthes villosa,,VU,LC,N,2018-1
Nothofagus baumanniae,,LR/cd,EN,N,2018-1
Nothofagus discoidea,,VU,EN,N,2018-1
Nothofagus stylosa,,VU,CR,N,2018-1
Nothofagus womersleyi,,EN,CR,N,2018-2
Oeonia brauniana,,LC,VU,N,2018-1
Ossiculum aurantiacum,,CR,EN,N,2018-1
Palaquium maingayi,,LR/lc,VU,G,2018-2
Pinguicula mundi,Atrapamoscas,VU,LC,N,2018-1
Polyscias kikuyuensis,Parasol Tree,VU,NT,N,2018-2
Polyspora hirtella,,VU,DD,N,2018-1
Polyspora maingayi,,VU,LC,N,2018-1
Polyspora multinervis,,VU,LC,N,2018-1
Polyspora scortechinii,,VU,CR,N,2018-1
Polyspora taipingensis,,VU,NT,N,2018-1
Premna maxima,,VU,EN,N,2018-1
Pseudarrhenatherum pallens,,EN,VU,N,2018-1
Psychotria crassipetala,,VU,EN,N,2018-2
Psychotria petitii,,VU,EN,G,2018-2
Pterocarpus angolensis,Bloodwood Tree,LR/nt,LC,N,2018-1
Pterocarpus dalbergioides,East Indian Mahogany,DD,VU,N,2018-1
Pterocarpus indicus,Burmese Rosewood,VU,EN,N,2018-2
Pterocarpus santalinus,Red Sandalwood,EN,NT,N,2018-1
Pyrenaria pahangensis,,LR/cd,DD,N,2018-1
Quercus benthamii,,VU,NT,N,2018-2
Quercus bumelioides,Roble Blanco,VU,LC,N,2018-2
Quercus costaricensis,Roble Negro,VU,NT,N,2018-2
Quercus deliquescens,,VU,DD,N,2018-1
Quercus germana,,VU,LC,N,2018-2
Quercus hintonii,Encino prieto,CR,EN,N,2018-1
Quercus hypoxantha,,DD,LC,N,2018-2
Quercus invaginata,,DD,LC,N,2018-2
Quercus subspathulata,,VU,LC,N,2018-2
Quercus uxoris,,VU,LC,N,2018-2
Quercus xalapensis,,VU,LC,N,2018-2
Raphia palma-pinus,Raphia Palm,DD,NT,N,2018-2
Raphia regalis,Raphia Palm,VU,LC,N,2018-2
Raphia sudanica,Raphia,DD,NT,N,2018-2
Scilla litardierei,Dalmatian Scilla,DD,NT,N,2018-2
Sclerocarya gillettii,,VU,EN,G,2018-2
Sobennikoffia poissoniana,,VU,EN,N,2018-1
Stonesia fascicularis,,DD,CR,N,2018-1
Stonesia gracilis,,DD,CR,N,2018-1
Synsepalum subverticillatum,,EN,VU,N,2018-2
Syringa josikaea,Hungarian Lilac,DD,EN,N,2018-1
Tephrosia pinifolia,,DD,CR,N,2018-1
Terminalia hecistocarpa,,VU,DD,N,2018-2
Varronia rupicola,,CR,EN,N,2018-1
Vatica bantamensis,,EN,CR,G,2018-1
Vitex keniensis,Meru Oak,VU,EN,N,2018-2
Wikstroemia skottsbergiana,Skottsberg's Wikstroemia,EX,CR(PE),N,2018-2
Zelkova carpinifolia,Caucasian Zelkova,LR/nt,VU,N,2018-2
