Scientific name,Common name,"IUCN Red List(2018)Category","IUCN RedList (2019)Category","Reason forchange","Red Listversion"
MAMMALS,,,,,
Allactaga euphratica,Euphrates Jerboa,NT,LC,N,2019‐3
Allochrocebus solatus,Sun‐tailed Monkey,VU,NT,N,2019‐1
Antechinus godmani,Atherton Antechinus,NT,LC,N,2019‐1
Aotus miconax,Andean Night Monkey,VU,EN,G,2019‐2
Arctocebus calabarensis,Calabar Angwantibo,LC,NT,G,2019‐1
Brachyteles arachnoides,Southern Muriqui,EN,CR,N,2019‐2
Bunomys penitus,Montane Bunomys,NT,LC,N,2019‐2
Callithrix aurita,Buffy‐tufted‐ear Marmoset,VU,EN,G,2019‐3
Callithrix kuhlii,Wied's Marmoset,NT,VU,G,2019‐3
Callosciurus nigrovittatus,Black‐striped Squirrel,NT,LC,N,2019‐1
Callosciurus quinquestriatus,Anderson's Squirrel,NT,LC,N,2019‐3
Cebuella pygmaea,Pygmy Marmoset,LC,VU,G,2019‐3
Cercocebus torquatus,Red‐capped Mangabey,VU,EN,G,2019‐1
Cercopithecus diana,Diana Monkey,VU,EN,G,2019‐3
Cercopithecus dryas,Dryas Monkey,CR,EN,N,2019‐1
Cercopithecus lowei,Lowe’s Monkey,LC,VU,G,2019‐1
Cercopithecus nictitans,Putty‐nosed Monkey,LC,NT,G,2019‐3
Cercopithecus roloway,Roloway Monkey,EN,CR,G,2019‐1
Cercopithecus sclateri,Sclater's Monkey,VU,EN,G,2019‐1
Cerradomys marinhus,Marinho’s Rice Rat,DD,LC,N,2019‐1
Coelops frithii,Tail‐less Leaf‐nosed Bat,LC,NT,N,2019‐3
Colobus vellerosus,White‐thighed Colobus,VU,CR,G,2019‐3
Craseonycteris thonglongyai,Hog‐nosed Bat,VU,NT,N,2019‐3
Crocidura desperata,Desperate Shrew,EN,VU,N,2019‐3
Crocidura nana,Dwarf White‐toothed Shrew,LC,DD,N,2019‐1
Crocidura tansaniana,Tanzanian Shrew,EN,NT,N,2019‐2
Crocidura zimmermanni,Zimmermann's Shrew,VU,EN,N,2019‐1
Crunomys melanius,Mindanao Shrew Mouse,VU,LC,N,2019‐2
Ctenomys azarae,Azara's Tuco‐tuco,VU,EN,N,2019‐3
Ctenomys bergi,,VU,EN,N,2019‐3
Ctenomys emilianus,Emily's Tuco‐tuco,NT,LC,N,2019‐3
Ctenomys fulvus,Tawny Tuco‐tuco,LC,DD,N,2019‐1
Ctenomys latro,Mottled Tuco‐tuco,VU,EN,N,2019‐3
Ctenomys magellanicus,Magellanic Tuco‐tuco,VU,LC,N,2019‐1
Ctenomys pundti,,VU,EN,N,2019‐3
Dasyprocta coibae,Coiban Agouti,VU,NT,N,2019‐1
Dremomys gularis,Red‐throated Squirrel,LC,DD,N,2019‐1
Emballonura serii,Seri's Sheath‐tailed Bat,LC,VU,N,2019‐3
Eothenomys proditor,Yulongxuen Red‐backed Vole,LC,DD,N,2019‐1
Eptesicus bobrinskoi,Bobrinski's Serotine,LC,DD,N,2019‐3
Gerbillus latastei,Lataste's Gerbil,LC,DD,N,2019‐1
Grammomys dryas,Forest Thicket Rat,NT,LC,N,2019‐1
Handleyomys rhabdops,Striped Rice Rat,VU,EN,N,2019‐3
Hipposideros turpis,Lesser Leaf‐nosed Bat,NT,EN,N,2019‐3
Histiotus laephotis,Thomas's Big‐eared Brown Bat,NT,LC,N,2019‐2
Hylaeamys laticeps,Large‐headed Rice Rat,NT,VU,N,2019‐3
Ichthyomys hydrobates,Crab‐eating Rat,NT,LC,N,2019‐3
Ichthyomys pittieri,Pittier's Crab‐eating Rat,VU,NT,N,2019‐2
Juliomys rimofrons,Cleft‐headed Juliomys,VU,NT,N,2019‐1
Kadarsanomys sodyi,Javan Bamboo Rat,VU,EN,N,2019‐1
Lagenorhynchus australis,Peale's Dolphin,DD,LC,N,2019‐1
Lagenorhynchus obscurus,Dusky Dolphin,DD,LC,N,2019‐1
Lariscus hosei,Four‐striped Ground Squirrel,NT,LC,N,2019‐1
Lemniscomys mittendorfi,Mittendorf's Striped Grass Mouse,VU,LC,N,2019‐1
Lepus callotis,White‐sided Jackrabbit,NT,VU,N,2019‐2
Lepus fagani,Ethiopian Hare,DD,LC,N,2019‐1
Lepus insularis,Black Jackrabbit,NT,VU,N,2019‐3
Lophocebus albigena,Grey‐cheeked Mangabey,LC,VU,G,2019‐3
Lophocebus aterrimus,Black Mangabey,NT,VU,G,2019‐3
Manis culionensis,Philippine Pangolin,EN,CR,N,2019‐3
Margaretamys beccarii,Spiny Lowland Margaretamys,VU,DD,N,2019‐3
Megadendromus nikolausi,Nikolaus's Mouse,DD,VU,N,2019‐1
Melomys fraterculus,Manusela Melomys,CR,EN,N,2019‐3
Mesembriomys macrurus,Golden‐backed Tree‐rat,LC,NT,N,2019‐1
Mico nigriceps,Black‐headed Marmoset,DD,NT,N,2019‐3
Microdillus peeli,Somali Pygmy Gerbil,LC,DD,N,2019‐1
Microperoryctes aplini,Arfak Pygmy Bandicoot,DD,VU,N,2019‐1
Microperoryctes murina,Mouse Bandicoot,DD,VU,N,2019‐1
Microsciurus flaviventer,Amazon Dwarf Squirrel,DD,LC,N,2019‐1
Microtus felteni,Balkan Pine Vole,DD,LC,N,2019‐3
Microtus irani,Persian Vole,DD,VU,N,2019‐1
Microtus sachalinensis,Sakhalin Vole,NT,LC,N,2019‐1
Millardia kondana,Kondana Rat,CR,EN,N,2019‐3
Miniopterus macrocneme,Small Melanesian Bent‐winged Bat,DD,LC,N,2019‐3
Miopithecus ogouensis,Northern Talapoin Monkey,LC,NT,G,2019‐3
Miopithecus talapoin,Southern Talapoin Monkey,LC,VU,G,2019‐3
Murina puta,Taiwanese Tube‐nosed Bat,NT,LC,N,2019‐3
Murina tubinaris,Scully's Tube‐nosed Bat,LC,DD,N,2019‐3
Mus callewaerti,Callewaert's Mouse,LC,DD,N,2019‐1
Myomyscus yemeni,Yemeni Mouse,LC,DD,N,2019‐1
Myosorex babaulti,Babault's Mouse Shrew,NT,LC,N,2019‐1
Myotis macrotarsus,Pallid Large‐footed Myotis,NT,LC,N,2019‐3
Myotis pilosus,Rickett's Big‐footed Myotis,NT,VU,N,2019‐3
Mystromys albicaudatus,White‐tailed Rat,EN,VU,N,2019‐1
Necromys obscurus,Dark Bolo Mouse,NT,LC,N,2019‐3
Nelsonia neotomodon,Diminutive Wood Rat,NT,LC,N,2019‐3
Neomicroxus latebricola,Ecuadorean Grass Mouse,VU,EN,N,2019‐1
Neoromicia malagasyensis,Isalo Serotine,EN,VU,N,2019‐1
Neotoma phenax,Sonoran Woodrat,NT,LC,N,2019‐3
Nesolagus netscheri,Sumatran Striped Rabbit,VU,DD,N,2019‐2
Nesolagus timminsi,Annamite Striped Rabbit,DD,EN,N,2019‐1
Notopteris neocaledonica,New Caledonia Blossom Bat,VU,EN,G,2019‐3
Oenomys ornatus,Ghana Rufous‐nosed Rat,LC,DD,N,2019‐1
Oryctolagus cuniculus,European Rabbit,NT,EN,G,2019‐3
Oryzomys dimidiatus,Thomas's Rice Rat,LC,DD,N,2019‐1
Otomys laminatus,Laminate Vlei Rat,LC,NT,G,2019‐1
Oxymycterus josei,,EN,NT,N,2019‐1
Paracrocidura maxima,Greater Large‐headed Shrew,NT,LC,N,2019‐1
Paraxerus vexillarius,Svynnerton's Bush Squirrel,NT,LC,N,2019‐3
Phaenomys ferrugineus,Rio de Janeiro Arboreal Rat,VU,EN,N,2019‐1
Phataginus tricuspis,White‐bellied Pangolin,VU,EN,N,2019‐3
Phloeomys cumingi,Southern Luzon Phloeomys,VU,LC,N,2019‐1
Piliocolobus bouvieri,Bouvier’s Red Colobus,CR,EN,N,2019‐3
Piliocolobus gordonorum,Udzungwa Red Colobus,EN,VU,N,2019‐3
Piliocolobus oustaleti,Oustalet’s Red Colobus,LC,VU,G,2019‐3
Piliocolobus pennantii,Pennant's Red Colobus,EN,CR,G,2019‐3
Piliocolobus rufomitratus,Tana River Red Colobus,EN,CR,G,2019‐3
Piliocolobus tholloni,Tshuapa Red Colobus,NT,VU,G,2019‐3
Piliocolobus waldroni,Miss Waldron’s Red Colobus,CR,CR(PE),G,2019‐1
Pipistrellus endoi,Endo's Pipistrelle,EN,NT,N,2019‐3
Podomys floridanus,Florida Mouse,VU,NT,N,2019‐1
Pogonomelomys bruijnii,Bruijn’s Pogonomelomys,NT,LC,N,2019‐2
Porcula salvania,Pygmy Hog,CR,EN,G,2019‐3
Procolobus verus,Olive Colobus,NT,VU,G,2019‐1
Prosciurillus leucomus,Whitish Dwarf Squirrel,DD,LC,N,2019‐3
Prosciurillus murinus,Celebes Dwarf Squirrel,DD,LC,N,2019‐1
Prosciurillus weberi,Weber's Sulawesi Dwarf Squirrel,DD,EN,N,2019‐1
Protoxerus aubinnii,Slender‐tailed Squirrel,DD,NT,N,2019‐1
Pseudochirops archeri,Green Ringtail Possum,LC,NT,N,2019‐1
Pseudomys occidentalis,Western Mouse,LC,NT,N,2019‐1
Pteropus faunulus,Nicobar Flying Fox,VU,EN,N,2019‐3
Pudu mephistophiles,Northern Pudu,VU,DD,N,2019‐1
Rattus mollicomulus,Lompobatang Sulawesi Rat,VU,LC,N,2019‐1
Reithrodontomys tenuirostris,Narrow‐nosed Harvest Mouse,VU,EN,N,2019‐3
Rhagomys rufescens,Brazilian Arboreal Mouse,NT,VU,N,2019‐1
Rhinolophus formosae,Formosan Woolly Horseshoe Bat,NT,LC,N,2019‐3
Rousettus madagascariensis,Madagascan Rousette,NT,VU,G,2019‐3
Rungwecebus kipunji,Kipunji,CR,EN,N,2019‐3
Saguinus bicolor,Pied Tamarin,EN,CR,G,2019‐3
Saguinus geoffroyi,Geoffroy’s Tamarin,LC,NT,G,2019‐3
Saguinus martinsi,Martin's Ochraceous Bare‐face Tamarin,LC,NT,G,2019‐3
Sapajus libidinosus,Bearded Capuchin,LC,NT,G,2019‐3
Sciurillus pusillus,Neotropical Pygmy Squirrel,DD,LC,N,2019‐1
Sciurus ignitus,Bolivian Squirrel,DD,LC,N,2019‐1
Smutsia gigantea,Giant Ground Pangolin,VU,EN,N,2019‐3
Sorex antinorii,Valais Shrew,DD,LC,N,2019‐1
Sorex buchariensis,Pamir Shrew,LC,DD,N,2019‐1
Sturnira mordax,Talamancan Yellow‐shouldered Bat,NT,LC,N,2019‐2
Styloctenium mindorensis,Mindoro Stripe‐faced Fruit Bat,DD,EN,N,2019‐3
Sundamys maxi,Javan Sundamys,EN,VU,N,2019‐1
Sylvilagus brasiliensis,Tapeti,LC,EN,N,2019‐2
Sylvilagus insonus,Omiltemi Cottontail,EN,DD,N,2019‐2
Sylvilagus robustus,Davis Mountains Cottontail,EN,VU,N,2019‐3
Sylvisorex isabellae,Bioko Forest Shrew,EN,VU,N,2019‐3
Sylvisorex lunaris,Moon Forest Shrew,VU,NT,N,2019‐1
Sylvisorex vulcanorum,Volcano Shrew,NT,LC,N,2019‐1
Syncerus caffer,African Buffalo,LC,NT,N,2019‐1
Syntheosciurus brochus,Bangs's Mountain Squirrel,NT,DD,N,2019‐1
Thomasomys monochromos,Unicolored Oldfield Mouse,EN,VU,N,2019‐2
Thomasomys praetor,,DD,NT,N,2019‐1
Tursiops aduncus,Indo‐Pacific Bottlenose Dolphin,DD,NT,N,2019‐3
Tylomys bullaris,Chiapan Climbing Rat,CR,CR(PE),N,2019‐1
Tylomys tumbalensis,Tumbalá Climbing Rat,CR,CR(PE),N,2019‐1
Urocitellus brunneus,Northern Idaho Ground Squirrel,CR,EN,N,2019‐3
"",,,,,
BIRDS,,,,,
Acridotheres cinereus,Pale‐bellied Myna,LC,VU,N,2019‐3
Alophoixus bres,Brown‐cheeked Bulbul,LC,NT,G,2019‐3
Amazilia castaneiventris,Chestnut‐bellied Hummingbird,EN,NT,N,2019‐3
Amazona aestiva,Turquoise‐fronted Amazon,LC,NT,G,2019‐3
Amazona imperialis,Imperial Amazon,EN,CR,G,2019‐3
Certhia tianquanensis,Sichuan Treecreeper,NT,LC,N,2019‐3
Chlorochrysa nitidissima,Multicolored Tanager,VU,NT,N,2019‐3
Chloropsis cochinchinensis,Javan Leafbird,NT,EN,G,2019‐3
Chloropsis media,Sumatran Leafbird,VU,EN,G,2019‐3
Chloropsis sonnerati,Greater Green Leafbird,VU,EN,N,2019‐3
Cichlocolaptes mazarbarnetti,Cryptic Treehunter,CR,EX,G,2019‐3
Clytorhynchus hamlini,Rennell Shrikebill,LC,NT,N,2019‐3
Cotinga maculata,Banded Cotinga,EN,CR,G,2019‐3
Cranioleuca henricae,Bolivian Spinetail,EN,VU,N,2019‐3
Cyanolyca nanus,Dwarf Jay,VU,NT,N,2019‐3
Cyanopsitta spixii,Spix's Macaw,CR,EW,G,2019‐3
Dacnis viguieri,Viridian Dacnis,NT,LC,N,2019‐3
Dendrocygna arborea,West Indian Whistling‐duck,VU,NT,N,2019‐3
Diglossa gloriosissima,Chestnut‐bellied Flowerpiercer,EN,NT,N,2019‐3
Eleothreptus candicans,White‐winged Nightjar,EN,VU,N,2019‐3
Eos semilarvata,Blue‐eared Lory,LC,NT,N,2019‐3
Eremomela turneri,Turner's Eremomela,EN,NT,N,2019‐3
Formicivora acutirostris,Parana Antwren,EN,NT,N,2019‐3
Grallaricula lineifrons,Crescent‐faced Antpitta,NT,LC,N,2019‐3
Gymnobucco vernayi,Pale‐throated Barbet,LC,VU,G,2019‐3
Haemorhous cassinii,Cassin's Finch,NT,LC,G,2019‐3
Hemitriccus cinnamomeipectus,Cinnamon‐breasted Tody‐tyrant,VU,LC,N,2019‐3
Hydrobates hornbyi,Ringed Storm‐petrel,DD,NT,N,2019‐3
Hydrobates markhami,Markham's Storm‐petrel,DD,NT,N,2019‐3
Hydrobates tristrami,Tristram's Storm‐petrel,NT,LC,N,2019‐3
Hydrornis gurneyi,Gurney's Pitta,EN,CR,G,2019‐3
Hypocnemis cantator,Guianan Antwarbler,NT,LC,N,2019‐3
Hypotaenidia owstoni,Guam Rail,EW,CR,G,2019‐3
Laterallus jamaicensis,Black Rail,NT,EN,G,2019‐3
Lipaugus ater,Black‐and‐gold Cotinga,NT,LC,N,2019‐3
Loriculus flosculus,Flores Hanging‐parrot,EN,VU,N,2019‐3
Megapodius pritchardii,Tongan Scrubfowl,EN,VU,G,2019‐3
Megapodius tenimberensis,Tanimbar Scrubfowl,NT,VU,N,2019‐3
Melamprosops phaeosoma,Poo‐uli,CR,EX,G,2019‐3
Melanerpes herminieri,Guadeloupe Woodpecker,NT,LC,N,2019‐3
Myiopagis olallai,Foothill Elaenia,VU,LC,N,2019‐3
Pachyramphus spodiurus,Slaty Becard,EN,VU,N,2019‐3
Philydor novaesi,Alagoas Foliage‐gleaner,CR,EX,G,2019‐3
Phylloscartes kronei,Restinga Tyrannulet,VU,LC,N,2019‐3
Picumnus minutissimus,Arrowhead Piculet,NT,LC,N,2019‐3
Poospiza rufosuperciliaris,Rufous‐browed Hemispingus,VU,LC,N,2019‐3
Psarocolius cassini,Baudo Oropendola,EN,VU,N,2019‐3
Psittacula eques,Echo Parakeet,EN,VU,G,2019‐3
Psittiparus margaritae,Black‐headed Parrotbill,NT,VU,N,2019‐3
Pterodroma ultima,Murphy's Petrel,NT,LC,G,2019‐3
Setophaga cerulea,Cerulean Warbler,VU,NT,G,2019‐3
Todiramphus tutus,Chattering Kingfisher,LC,NT,N,2019‐3
Turdus lherminieri,Forest Thrush,VU,NT,G,2019‐3
Vireo atricapilla,Black‐capped Vireo,VU,NT,G,2019‐3
Vireo masteri,Choco Vireo,EN,NT,N,2019‐3
Xanthopsar flavus,Saffron‐cowled Blackbird,VU,EN,N,2019‐3
Xenotriccus callizonus,Belted Flycatcher,NT,LC,N,2019‐3
Zosterops flavus,Javan White‐eye,VU,EN,N,2019‐3
Zosterops leucophaeus,Principe Speirops,NT,LC,N,2019‐3
"",,,,,
REPTILES,,,,,
Amerotyphlops amoipira,,DD,LC,N,2019‐2
Anolis megalopithecus,Ruida's Anole,DD,LC,N,2019‐2
Antillotyphlops monensis,Mona Blind Snake,EN,LC,N,2019‐3
Apostolepis phillipsae,,LC,VU,N,2019‐3
Apostolepis polylepis,,DD,LC,N,2019‐2
Bachia trisanale,Stacy's Bachia,DD,LC,N,2019‐2
Batagur dhongoka,Three‐striped Roofed Turtle,EN,CR,G,2019‐1
Batagur trivittata,Burmese Roofed Turtle,EN,CR,N,2019‐1
Bitis schneideri,Namaqua Dwarf Adder,VU,LC,N,2019‐3
Bothrocophias myersi,Chocoan Toadheaded Pitviper,LC,NT,N,2019‐2
Bothrops lojanus,Lojan Lancehead,EN,VU,N,2019‐2
Calotes medogensis,,DD,LC,N,2019‐3
Calyptommatus confusionibus,,EN,LC,N,2019‐1
Celestus scansorius,,NT,EN,N,2019‐3
Cordylus meculae,Mecula Girdled Lizard,EN,LC,N,2019‐3
Cyclura cornuta,Hispaniolan Rhinoceros Iguana,VU,EN,G,2019‐2
Cyclura ricordii,Ricord's Rock Iguana,CR,EN,N,2019‐2
Cyrtodactylus wayakonei,,LC,NT,N,2019‐3
Dibamus bourreti,Bourret's Blind Skink,DD,LC,N,2019‐3
Epictia rufidorsa,Rose Blind Snake,LC,DD,N,2019‐3
Erythrolamprus atraventer,Dixon's Ground Snake,VU,LC,N,2019‐2
Eurolophosaurus nanuzae,Rodrigues' Lava Lizard,NT,LC,N,2019‐1
Geoclemys hamiltonii,Spotted Pond Turtle,VU,EN,G,2019‐1
Hoplodactylus duvaucelii,Duvaucel's Gecko,LR/lc,NT,N,2019‐2
Indotestudo elongata,Elongated Tortoise,EN,CR,N,2019‐1
Liolaemus gravenhorstii,,DD,EN,N,2019‐3
Liolaemus vallecurensis,,LC,NT,G,2019‐3
Lygophis vanzolinii,Vanzolini's Ground Snake,DD,NT,N,2019‐3
Lygosoma anguinum,,DD,LC,N,2019‐2
Malaclemys terrapin,Diamondback Terrapin,LR/nt,VU,G,2019‐1
Malacochersus tornieri,Pancake Tortoise,VU,CR,G,2019‐1
Manouria emys,Asian Giant Tortoise,EN,CR,N,2019‐1
Mokopirirakau kahutarae,Black‐eyed Gecko,LR/nt,VU,N,2019‐2
Naultinus gemmeus,Jewelled Gecko,NT,EN,N,2019‐2
Naultinus manukanus,Marlborough Green Gecko,DD,EN,N,2019‐2
Naultinus rudis,Rough Gecko,LR/lc,EN,N,2019‐2
Oligosoma grande,Grand Skink,VU,EN,N,2019‐2
Oligosoma homalonotum,Chevron Skink,VU,EN,N,2019‐2
Oligosoma microlepis,Small‐scaled Skink,VU,EN,N,2019‐2
Oligosoma waimatense,Scree Skink,VU,EN,N,2019‐2
Oligosoma whitakeri,Whitaker's New Zealand Skink,VU,EN,N,2019‐2
Ptychoglossus bicolor,Werner's Largescale Lizard,VU,LC,N,2019‐3
Rhampholeon gorongosae,Mount Gorongosa Pygmy Chameleon,LC,EN,G,2019‐3
Rhampholeon tilburyi,Mount Namuli Pygmy Chameleon,CR,EN,N,2019‐3
Sauromalus hispidus,Spiny Chuckwalla,NT,EN,G,2019‐2
Scincella monticola,Mountainous Dwarf Skink,NT,LC,N,2019‐2
Sphaerodactylus callocricus,Callous Least Gecko,VU,CR,N,2019‐2
Sphenomorphus cyanolaemus,Blue‐headed Forest Skink,NT,LC,N,2019‐3
Sphenomorphus microtympanus,,DD,LC,N,2019‐2
Stenocercus fimbriatus,Western Leaf Lizard,LR/nt,LC,N,2019‐3
Tachymenis chilensis,Chilean Slender Snake,LC,NT,N,2019‐3
Taeniophallus nebularis,,DD,CR,N,2019‐3
Tetradactylus breyeri,Breyer's Long‐tailed Seps,LC,NT,N,2019‐3
Toropuku stephensi,Stephen's Island Gecko,VU,EN,N,2019‐2
Tukutuku rakiurae,Harlequin Gecko,LR/nt,EN,N,2019‐2
Woodworthia chrysosiretica,Goldstripe Gecko,LR/lc,NT,N,2019‐2
"",,,,,
AMPHIBIANS,,,,,
Afrixalus vibekensis,Nimba Banana Frog,NT,LC,N,2019‐1
Agalychnis psilopygion,,DD,LC,N,2019‐3
Allobates cepedai,,DD,VU,N,2019‐3
Allobates juanii,,CR,EN,N,2019‐3
Allobates picachos,,DD,EN,N,2019‐3
Allobates ranoides,Llanos Rocket Frog,EN,CR,N,2019‐3
Alsodes hugoi,,DD,VU,N,2019‐2
Alsodes igneus,,DD,VU,N,2019‐2
Alsodes vanzolinii,Vanzolini's Spiny‐chest Frog,CR,EN,N,2019‐1
Alsodes verrucosus,Olive Spiny‐chest Frog,DD,EN,N,2019‐1
Ameerega andina,La Planada Poison Frog,DD,CR,N,2019‐1
Amnirana asperrima,Nkongsamba Frog,EN,VU,N,2019‐1
Amnirana occidentalis,Ivory Coast Frog,EN,LC,N,2019‐1
Anomaloglossus beebei,Beebe's Rocket Frog,VU,EN,N,2019‐1
Anomaloglossus degranvillei,Degranville's Rocket Frog,LC,CR,G,2019‐1
Ansonia endauensis,,DD,NT,N,2019‐1
Ansonia jeetsukumarani,Jeet Sukumaran’s Torrent‐Dwelling Toad,DD,VU,N,2019‐1
Ansonia latiffi,Latiff’s Torrent‐Dwelling Toad,DD,NT,N,2019‐1
Ansonia leptopus,Brown Slender Toad,NT,LC,N,2019‐1
Ansonia tiomanica,Pulo Tioman Stream Toad,VU,LC,N,2019‐1
Arthroleptis aureoli,Freetown Long‐fingered Frog,EN,NT,N,2019‐3
Arthroleptis krokosua,Krokosua Squeaking Frog,NT,CR,G,2019‐1
Arthroleptis langeri,,DD,EN,N,2019‐1
Atelognathus patagonicus,Patagonia Frog,EN,CR,G,2019‐1
Atelognathus salai,Portezuelo Frog,VU,LC,N,2019‐1
Atelognathus solitarius,Las Bayas Frog,VU,DD,N,2019‐1
Atelopus angelito,,CR,CR(PE),N,2019‐1
Atelopus certus,Darien Stubfoot Toad,EN,CR,N,2019‐3
Atelopus dimorphus,,EN,DD,N,2019‐1
Atelopus elegans,Elegant Stubfoot Toad,CR,EN,N,2019‐3
Atelopus franciscus,Central Coast Stubfoot Toad,VU,LC,N,2019‐3
Atelopus limosus,Limosa Harlequin Frog,EN,CR,G,2019‐3
Atelopus reticulatus,Arlequín Reticulado,CR,DD,N,2019‐1
Atelopus sanjosei,Anori Stubfoot Toad,DD,CR,N,2019‐3
Batrachyla nibaldoi,Nibaldo's Wood Frog,DD,LC,N,2019‐1
Boana cordobae,,DD,LC,N,2019‐1
Bolitoglossa adspersa,Peter's Mushroomtongue Salamander,LC,NT,N,2019‐3
Bolitoglossa diaphora,,CR,EN,N,2019‐3
Bolitoglossa hiemalis,Salamandra de Páramo,DD,VU,N,2019‐2
Bolitoglossa hypacra,Paramo Frontino Salamander,LC,EN,G,2019‐3
Bolitoglossa lozanoi,,DD,LC,N,2019‐2
Bolitoglossa macrinii,Oaxacan Mushroomtongue Salamander,NT,EN,N,2019‐3
Bolitoglossa oaxacensis,Atoyac Salamander,DD,EN,N,2019‐2
Bolitoglossa peruviana,Peru Mushroomtongue Salamander,LC,DD,N,2019‐1
Bolitoglossa ramosi,Ramos' Mushroomtongue Salamander,LC,NT,N,2019‐2
Bolitoglossa sima,,VU,LC,N,2019‐1
Caecilia bokermanni,Bokermann's Caecilian,DD,LC,N,2019‐3
Caecilia guntheri,Günther's Caecilian,DD,LC,N,2019‐3
Caecilia occidentalis,Cauca Caecilian,DD,NT,N,2019‐3
Caecilia pachynema,Intac Caecilian,DD,LC,N,2019‐3
Caecilia thompsoni,Thompson's Caecilian,DD,LC,N,2019‐2
Callimedusa ecuatoriana,Agua Rica Leaf Frog,EN,VU,N,2019‐3
Callimedusa perinesos,Orange‐spotted Leaf Frog,DD,EN,N,2019‐3
Centrolene azulae,Cordillera Azul Giant Glass Frog,EN,DD,N,2019‐1
Centrolene ballux,Burrowes' Giant Glass Frog,CR,EN,N,2019‐1
Centrolene geckoideum,Pacific Giant Glass Frog,VU,CR,N,2019‐2
Centrolene heloderma,Pichincha Giant Glass Frog,CR,VU,N,2019‐1
Centrolene huilense,Huila Glass Frog,DD,EN,N,2019‐2
Centrolene medemi,,DD,EN,N,2019‐2
Centrolene peristictum,Tandapi Giant Glass Frog,VU,LC,N,2019‐2
Centrolene scirtetes,Tandayapa Giant Glass Frog,DD,EN,N,2019‐2
Centrolene solitaria,Lonely Cochran Frog,DD,EN,N,2019‐2
Chaltenobatrachus grandisonae,Puerto Eden Frog,DD,LC,N,2019‐1
Cochranella litoralis,,DD,VU,N,2019‐2
Cochranella ramirezi,Ramirez's Cochran Frog,DD,NT,N,2019‐3
Colostethus imbricolus,Silverstone's Rocket Frog,DD,EN,N,2019‐2
Colostethus thorntoni,Thornton's Rocket Frog,DD,VU,N,2019‐3
Conraua alleni,Allen's Slippery Frog,VU,LC,N,2019‐1
Craugastor anciano,Corquin Robber Frog,CR,EX,N,2019‐3
Craugastor aurilegulus,,EN,VU,N,2019‐3
Craugastor chrysozetetes,McCranie's Robber Frog,EX,CR,N,2019‐3
Craugastor cyanochthebius,,NT,EN,N,2019‐3
Craugastor emleni,,CR,EN,N,2019‐3
Craugastor omoaensis,Sierra de Omoa Streamside Frog,CR,EX,N,2019‐3
Dendrotriton sanctibarbarus,,VU,CR,G,2019‐3
Diasporus anthrax,,DD,VU,N,2019‐1
Duellmanohyla salvavida,Honduran Brook Frog,CR,EN,N,2019‐3
Ecnomiohyla rabborum,Rabb’s Fringe‐limbed Treefrog,CR,CR(PE),N,2019‐1
Elachistocleis skotogaster,,DD,LC,N,2019‐1
Epicrionops columbianus,El Tambo Caecilian,DD,EN,N,2019‐2
Epicrionops parkeri,Parker's Caecilian,DD,VU,N,2019‐3
Epipedobates machalilla,Rana Nodriza De Machalilla,NT,LC,N,2019‐3
Epipedobates tricolor,Phantasmal Poison Frog,EN,VU,N,2019‐1
Espadarana callistomma,,DD,LC,N,2019‐2
Espadarana durrellorum,,VU,LC,N,2019‐1
Eupsophus roseus,Rosy Ground Frog,NT,LC,N,2019‐1
Eupsophus vertebralis,Valdivia Ground Frog,NT,LC,N,2019‐1
Exerodonta catracha,,EN,NT,N,2019‐3
Gastrophrynoides borneensis,,VU,LC,N,2019‐1
Gastrotheca andaquiensis,Andes Marsupial Frog,NT,LC,N,2019‐2
Gastrotheca angustifrons,Pacific Marsupial Frog,VU,CR,N,2019‐1
Gastrotheca christiani,Calilegua's Marsupial Frog,EN,CR,N,2019‐1
Gastrotheca chrysosticta,Baritú’s Marsupial Frog,VU,EN,N,2019‐1
Gastrotheca dendronastes,Rio Calima Marsupial Frog,VU,EN,N,2019‐1
Gastrotheca gracilis,La Banderita Marsupial Frog,VU,EN,N,2019‐1
Gastrotheca guentheri,Gunther's Marsupial Frog,VU,DD,N,2019‐1
Gastrotheca lateonota,El Tambo Marsupial Frog,DD,VU,N,2019‐3
Gastrotheca weinlandii,Weinland's Marsupial Frog,DD,LC,N,2019‐3
Glyphoglossus brooksii,Brook's Squat Frog,DD,LC,N,2019‐1
Glyphoglossus minutus,,DD,NT,N,2019‐1
Hemisus perreti,Perret’s Shovelnose Frog,DD,LC,N,2019‐2
Hyloscirtus caucanus,Cauca Treefrog,DD,EN,N,2019‐3
Hyloscirtus denticulentus,Charta Treefrog,EN,VU,N,2019‐2
Hyloscirtus larinopygion,Cordillera Central Treefrog,NT,LC,N,2019‐1
Hyloscirtus psarolaimus,Papallacta Treefrog,EN,VU,N,2019‐1
Hyloscirtus ptychodactylus,,CR,EN,N,2019‐1
Hyloscirtus sarampiona,Western Andes Treefrog,DD,EN,N,2019‐1
Hyloxalus abditaurantius,Bello Rocket Frog,LC,CR,N,2019‐2
Hyloxalus awa,,VU,LC,N,2019‐1
Hyloxalus breviquartus,Rana Cohete de Urrao,DD,LC,N,2019‐3
Hyloxalus chocoensis,Choco Rocket Frog,DD,EN,N,2019‐3
Hyloxalus elachyhistus,Loja Rocket Frog,EN,LC,N,2019‐3
Hyloxalus pinguis,Malvasa Rocket Frog,DD,EN,N,2019‐2
Hyloxalus pulchellus,Espada's Rocket Frog,VU,NT,N,2019‐2
Hyloxalus ramosi,Ramos' Rocket Frog,DD,EN,N,2019‐1
Hynobius quelpaertensis,Cheju Salamander,DD,VU,N,2019‐1
Hynobius stejnegeri,,VU,LC,N,2019‐2
Hyperolius acutirostris,Sharpsnout Reed Frog,NT,LC,N,2019‐2
Hyperolius bobirensis,Bobiri Reed Frog,EN,VU,N,2019‐1
Hyperolius chlorosteus,Sierra Leone Reed Frog,NT,LC,N,2019‐1
Hyperolius endjami,Yaounde Reed Frog,VU,LC,N,2019‐1
Hyperolius laurenti,Schiotz's Reed Frog,VU,NT,N,2019‐1
Hyperolius riggenbachi,Riggenbach's Reed Frog,VU,LC,N,2019‐2
Hyperolius soror,Soror Reed Frog,DD,LC,N,2019‐1
Hyperolius torrentis,Ukami Reed Frog,EN,VU,N,2019‐1
Hyperolius viridigulosus,Stream Reed Frog,VU,NT,N,2019‐1
Ichthyophis biangularis,Metang Caecilian,DD,NT,N,2019‐1
Incilius leucomyos,,EN,NT,N,2019‐3
Ingerophrynus gollum,,DD,EN,N,2019‐1
Isthmohyla insolita,,CR,EN,N,2019‐3
Kaloula kokacii,Catanduanes Narrow‐mouthed Frog,NT,LC,N,2019‐1
Kassina cochranae,Chochran's Running Frog,NT,LC,N,2019‐1
Kassina mertensi,Mertens' Running Frog,DD,LC,N,2019‐1
Leptobrachella dringi,Dring's Asian Toad,NT,LC,N,2019‐1
Leptobrachella gracilis,Slender Litter Frog,NT,LC,N,2019‐1
Leptobrachella hamidi,White‐bellied Slender Litter Frog,VU,LC,N,2019‐1
Leptobrachella mjobergi,Mjoberg's Dwarf Litter Frog,LC,DD,N,2019‐1
Leptobrachella serasanae,Striped Dwarf Litter Frog,VU,NT,N,2019‐1
Leptodactylodon blanci,,DD,EN,N,2019‐2
Limnonectes acanthi,Busuanga Wart Frog,VU,NT,N,2019‐1
Limnonectes tweediei,Tweedie's Wart Frog,NT,LC,N,2019‐1
Megophrys edwardinae,Edwardina's Spadefoot Toad,VU,LC,N,2019‐1
Meristogenys phaeomerus,Kapit Torrent Frog,NT,LC,N,2019‐1
Meristogenys poecilus,Malaysian Borneo Frog,NT,LC,N,2019‐1
Microhyla annectens,Larut Hills Rice Frog,DD,VU,N,2019‐1
Microhyla superciliaris,Batu Cave Rice Frog,DD,LC,N,2019‐1
Microkayla boettgeri,,EN,CR,N,2019‐1
Myersiohyla liliae,,LC,EN,N,2019‐1
Nesorohyla kanaima,Kanaima Treefrog,LC,EN,N,2019‐1
Niceforonia nana,Santander Andes Frog,DD,VU,N,2019‐1
Noblella heyeri,Heyer's Leaf Frog,DD,LC,N,2019‐3
Nototriton lignicola,,CR,EN,N,2019‐3
Nymphargus chami,,DD,NT,N,2019‐2
Nymphargus cristinae,,DD,EN,N,2019‐3
Nymphargus luteopunctatus,,DD,EN,N,2019‐2
Nymphargus oreonympha,Caqueta Cochran Frog,DD,LC,N,2019‐2
Nymphargus spilotus,,DD,NT,N,2019‐2
Occidozyga baluensis,Seep Frog,NT,LC,N,2019‐1
Occidozyga floresiana,Flores Oriental Frog,DD,VU,N,2019‐1
Odontobatrachus natator,Sierra Leone Water Frog,NT,LC,N,2019‐1
Odontophrynus barrioi,Barrio's Escuerzo,DD,LC,N,2019‐1
Oedipina gephyra,La Fortuna Worm Salamander,EN,CR,N,2019‐3
Oophaga histrionica,Harlequin Poison Frog,LC,CR,N,2019‐2
Oophaga vicentei,Vicente's Poison Frog,DD,EN,N,2019‐1
Oreophryne jeffersoniana,Komodo Cross Frog,NT,LC,N,2019‐1
Oreophryne rookmaakeri,Flores Cross Frog,DD,EN,N,2019‐1
Oreophryne zimmeri,Zimmer's Cross Frog,DD,EN,N,2019‐1
Oscaecilia polyzona,New Granada Caecilian,DD,LC,N,2019‐3
Osteocephalus fuscifacies,,DD,LC,N,2019‐3
Pelophryne guentheri,Günther's Dwarf Toad,VU,LC,N,2019‐1
Pelophryne misera,Black Flathead Toad,VU,LC,N,2019‐1
Pelophryne signata,Short‐legged Dwarf Toad,NT,LC,N,2019‐3
Petropedetes palmipes,Efulen Water Frog,EN,VU,N,2019‐1
Philautus aurantium,Mendolong Bubble‐nest Frog,EN,VU,N,2019‐1
Philautus davidlabangi,David Labang’s Bush Frog,DD,LC,N,2019‐1
Philautus erythrophthalmus,,VU,EN,N,2019‐1
Philautus kerangae,Kerangas Bubble‐nest Frog,EN,VU,N,2019‐1
Philautus longicrus,Palawan Bubble‐nest Frog,NT,VU,N,2019‐1
Philautus mjobergi,Murud Bubble‐nest Frog,NT,LC,N,2019‐1
Philautus pallidipes,Pangerango Bubble‐nest Frog,VU,LC,N,2019‐1
Philautus vittiger,Indonesian Bubble‐nest Frog,DD,NT,N,2019‐1
Phrynobatrachus alleni,Allen's River Frog,NT,LC,N,2019‐1
Phrynobatrachus ghanensis,Ghana River Frog,EN,NT,N,2019‐1
Phrynobatrachus guineensis,Guinea River Frog,NT,LC,N,2019‐1
Phrynobatrachus liberiensis,Liberia River Frog,NT,LC,N,2019‐1
Phrynobatrachus manengoubensis,Manengouba River Frog,DD,CR,N,2019‐2
Phrynobatrachus phyllophilus,,NT,LC,N,2019‐1
Phrynobatrachus steindachneri,Steindachner's River Frog,VU,CR,G,2019‐1
Phrynobatrachus villiersi,Yapo River Frog,VU,LC,N,2019‐1
Pristimantis aemulatus,,DD,EN,N,2019‐2
Pristimantis albericoi,,CR,CR(PE),N,2019‐1
Pristimantis aurantiguttatus,,DD,EN,N,2019‐2
Pristimantis baiotis,,DD,NT,N,2019‐2
Pristimantis batrachites,,DD,EN,N,2019‐3
Pristimantis cacao,Cacao Robber Frog,EN,CR,N,2019‐1
Pristimantis caprifer,La Palma Robber Frog,LC,CR,N,2019‐3
Pristimantis carlossanchezi,,DD,EN,N,2019‐1
Pristimantis carranguerorum,Rana de Lluvia Carranguera,DD,EN,N,2019‐2
Pristimantis celator,La Delicia Robber Frog,NT,VU,N,2019‐3
Pristimantis chrysops,,EN,CR,N,2019‐1
Pristimantis colonensis,,DD,VU,N,2019‐3
Pristimantis corniger,,DD,EN,N,2019‐2
Pristimantis cryptomelas,Cryptic Robber Frog,EN,NT,N,2019‐1
Pristimantis cuentasi,,DD,EN,N,2019‐2
Pristimantis deinops,,EN,CR,N,2019‐1
Pristimantis diogenes,,VU,CR,N,2019‐1
Pristimantis duende,,DD,VU,N,2019‐2
Pristimantis epacrus,,DD,LC,N,2019‐2
Pristimantis esmeraldas,,DD,LC,N,2019‐3
Pristimantis galdi,Espada's Robber Frog,NT,LC,N,2019‐3
Pristimantis gladiator,,EN,VU,N,2019‐2
Pristimantis grandiceps,Giant Robber Frog,DD,EN,N,2019‐2
Pristimantis hectus,Dwarf Robber Frog,DD,VU,N,2019‐3
Pristimantis laticlavius,Burrowes' Robber Frog,DD,VU,N,2019‐3
Pristimantis leucopus,,DD,EN,N,2019‐3
Pristimantis lutitus,Rio Luisito Robber Frog,DD,EN,N,2019‐1
Pristimantis lynchi,Lynch's Robber Frog,DD,LC,N,2019‐1
Pristimantis metabates,Cutín de Chiriaco,DD,EN,N,2019‐3
Pristimantis muscosus,Cutín de Musgo,DD,NT,N,2019‐1
Pristimantis myops,,DD,EN,N,2019‐3
Pristimantis ocellatus,,DD,EN,N,2019‐3
Pristimantis orphnolaimus,Lago Agrio Robber Frog,DD,LC,N,2019‐1
Pristimantis petersi,Peters' Robber Frog,VU,NT,N,2019‐1
Pristimantis polemistes,,VU,CR,N,2019‐2
Pristimantis proserpens,Sapote Robber Frog,EN,VU,N,2019‐3
Pristimantis ptochus,,DD,EN,N,2019‐2
Pristimantis pugnax,Agua Robber Frog,VU,CR,N,2019‐3
Pristimantis racemus,Las Hermosas Robber Frog,LC,VU,N,2019‐3
Pristimantis reclusas,,DD,CR,N,2019‐1
Pristimantis repens,Galeras Robber Frog,VU,EN,N,2019‐3
Pristimantis roseus,Andagoya Robber Frog,NT,LC,N,2019‐2
Pristimantis scopaeus,,DD,LC,N,2019‐2
Pristimantis signifer,,VU,CR,N,2019‐3
Pristimantis silverstonei,,NT,VU,N,2019‐1
Pristimantis siopelus,Reserve Robber Frog,EN,VU,N,2019‐3
Pristimantis sternothylax,Huancabamba Robber Frog,DD,LC,N,2019‐3
Pristimantis sulculus,Channel Robber Frog,EN,VU,N,2019‐3
Pristimantis susaguae,,DD,EN,N,2019‐2
Pristimantis tamsitti,San Adolfo Robber Frog,NT,VU,N,2019‐3
Pristimantis uisae,,DD,VU,N,2019‐2
Pristimantis xeniolum,,DD,VU,N,2019‐2
Pristimantis xestus,,DD,VU,N,2019‐2
Pristimantis zoilae,,DD,EN,N,2019‐3
Ptychadena retropunctata,Cameroon Grassland Frog,DD,LC,N,2019‐1
Ptychadena superciliaris,Sierra Leone Grassland Frog,NT,LC,N,2019‐1
Rhacophorus fasciatus,,VU,LC,N,2019‐3
Rhacophorus gauni,Inger's Flying Frog,NT,LC,N,2019‐1
Rhacophorus harrissoni,Brown Tree Frog,NT,LC,N,2019‐1
Rhaebo atelopoides,Western Andes Toad,DD,CR,N,2019‐2
Rhaebo olallai,Tandayapa Andes Toad,DD,CR,N,2019‐1
Rheobates pseudopalmatus,,DD,LC,N,2019‐3
Rhinella achalensis,Sapo de Achala,NT,EN,G,2019‐1
Rhinella cristinae,,DD,EN,N,2019‐2
Sachatamia orejuela,Rana de Cristal de Orejuela,DD,LC,N,2019‐2
Sanguirana everetti,Zamboanga Frog,DD,NT,N,2019‐1
Sclerophrys togoensis,Togo Toad,NT,LC,N,2019‐1
Sclerophrys villiersi,Villiers' Toad,EN,VU,N,2019‐1
Silverstoneia erasmios,,DD,EN,N,2019‐2
Stefania ackawaio,,LC,VU,N,2019‐1
Stefania ayangannae,,LC,VU,N,2019‐1
Stefania coxi,,LC,VU,N,2019‐1
Stefania evansi,Evan’s Stefania,LC,DD,N,2019‐3
Stefania roraimae,,DD,EN,N,2019‐1
Stefania woodleyi,Woodley's Stefania,LC,DD,N,2019‐1
Strabomantis cheiroplethus,Rio Calles Robber Frog,VU,EN,N,2019‐1
Strabomantis necerus,Mindo Robber Frog,VU,CR,N,2019‐1
Telmatobius arequipensis,Chili Water Frog,VU,NT,N,2019‐1
Telmatobius ceiorum,,EN,CR,N,2019‐2
Telmatobius chusmisensis,,DD,EN,N,2019‐1
Telmatobius contrerasi,,DD,EN,N,2019‐1
Telmatobius fronteriensis,,DD,CR,N,2019‐1
Telmatobius hauthali,,VU,EN,G,2019‐1
Telmatobius laticeps,,EN,CR,N,2019‐2
Telmatobius oxycephalus,,VU,EN,N,2019‐1
Telmatobius pinguiculus,,DD,EN,N,2019‐1
Tepuihyla warreni,Warren's Treefrog,DD,EN,N,2019‐1
Teratohyla amelie,,DD,LC,N,2019‐3
Werneria mertensiana,Mertens' Smalltongue Toad,EN,CR,G,2019‐1
Wolterstorffina parvipalmata,Cameroon Wolterstorff Toad,VU,CR,G,2019‐2
"",,,,,
BONY FISHES,,,,,
Acheilognathus longipinnis,Deepbodied Bitterling,VU,EN,N,2019‐2
Acheilognathus melanogaster,Genuine Bitterling,LC,VU,N,2019‐2
Acrochordonichthys chamaeleon,,VU,DD,N,2019‐2
Adrianichthys kruyti,Duck‐billed Buntingi,CR,CR(PE),N,2019‐2
Ambassis agassizii,Agassiz's Perchlet,DD,LC,N,2019‐3
Ameca splendens,Butterfly Splitfin,EW,CR,N,2019‐2
Anabas testudineus,Climbing Perch,DD,LC,N,2019‐3
Anguilla celebesensis,Celebes Longfin Eel,NT,DD,N,2019‐3
Anguilla luzonensis,Philippine Mottled Eel,NT,VU,N,2019‐3
Anguilla mossambica,African Longfin Eel,LC,NT,N,2019‐3
Atherinella crystallina,Blackfin Silverside,NT,LC,N,2019‐2
Barbucca diabolica,,DD,LC,N,2019‐2
Belontia signata,Combtail,LR/cd,VU,N,2019‐3
Betta burdigala,,VU,CR,N,2019‐2
Betta chini,,VU,EN,N,2019‐2
Betta chloropharynx,,VU,CR,N,2019‐2
Betta hipposideros,,VU,EN,N,2019‐2
Betta persephone,,CR,EN,N,2019‐2
Betta picta,Spotted Betta,LC,NT,N,2019‐2
Betta pinguis,,VU,CR,N,2019‐2
Betta spilotogena,,CR,EN,N,2019‐2
Betta tomi,,VU,EN,N,2019‐2
Bidyanus bidyanus,Silver Perch,VU,NT,G,2019‐3
Bostrychus zonatus,Sunset Gudgeon,DD,LC,N,2019‐3
Brachygobius sabanus,Sabanus Bumblebee Goby,DD,LC,N,2019‐2
Brachygobius xanthomelas,,LC,DD,N,2019‐2
Bryconops imitator,,LC,NT,G,2019‐3
Cairnsichthys rhombosomoides,Cairns Rainbowfish,VU,EN,N,2019‐3
Catostomus bernardini,Yaqui Sucker,DD,LC,N,2019‐2
Catostomus cahita,Matalote Cahita,VU,LC,N,2019‐2
Centropomus poeyi,Mexican Snook,DD,LC,N,2019‐2
Characodon audax,Bold Characodon,VU,EN,G,2019‐2
Characodon lateralis,Rainbow Goodeid,EN,CR,G,2019‐2
Chirostoma arge,Largetooth Silverside,VU,DD,N,2019‐2
Chirostoma bartoni,Alberca Silverside,VU,CR,N,2019‐2
Chlamydogobius gloveri,Dalhousie Goby,VU,CR,G,2019‐3
Chlamydogobius micropterus,Elizabeth Springs Goby,CR,VU,N,2019‐3
Cinetodus froggatti,Smallmouthed Salmon Catfish,DD,LC,N,2019‐3
Craterocephalus amniculus,Darling River Hardyhead,VU,LC,N,2019‐3
Craterocephalus dalhousiensis,Dalhousie Hardyhead,VU,CR,G,2019‐3
Craterocephalus fluviatilis,Murray Hardyhead,EN,CR,G,2019‐3
Craterocephalus lentiginosus,Freckled Hardyhead,LR/nt,LC,N,2019‐3
Craterocephalus marianae,Mariana's Hardyhead,DD,LC,N,2019‐3
Crossocheilus nigriloba,,DD,LC,N,2019‐3
Cualac tessellatus,Checkered Pupfish,EN,VU,N,2019‐2
Cyprinella alvarezdelvillari,,CR,VU,N,2019‐2
Cyprinella formosa,Beautiful Shiner,VU,LC,N,2019‐2
Cyprinella panarcys,Conchos Shiner,EN,NT,N,2019‐2
Cyprinella proserpina,Proserpine Shiner,VU,LC,N,2019‐2
Cyprinodon atrorus,Bolson Pupfish,LR/lc,EN,N,2019‐2
Cyprinodon beltrani,Blackfin Pupfish,EN,VU,N,2019‐2
Cyprinodon bifasciatus,Cuatro Cienegas Pupfish,LR/lc,EN,N,2019‐2
Cyprinodon eximius,Conchos Pupfish,NT,LC,N,2019‐2
Cyprinodon labiosus,Thicklip Pupfish,CR,VU,N,2019‐2
Cyprinodon latifasciatus,Parras Pupfish,EX,CR,N,2019‐2
Cyprinodon macrolepis,Largescale Pupfish,EN,NT,N,2019‐2
Cyprinodon maya,Maya Pupfish,EN,VU,N,2019‐2
Cyprinodon meeki,Mezquital Pupfish,CR,EN,N,2019‐2
Cyprinodon simus,Boxer Pupfish,EN,NT,N,2019‐2
Cyprinodon verecundus,Largefin Pupfish,CR,VU,N,2019‐2
Cyprinodon veronicae,Charco Palma Pupfish,CR,EW,G,2019‐2
Dionda argentosa,Manantial Roundnose Minnow,NT,EN,N,2019‐2
Discherodontus halei,,DD,EN,N,2019‐3
Dorosoma smithi,Pacific Gizzard Shad,DD,LC,N,2019‐2
Encheloclarias curtisoma,,CR,EN,N,2019‐2
Encheloclarias prolatus,,VU,EN,N,2019‐3
Enteromius choloensis,Silver Barb,VU,DD,N,2019‐3
Epalzeorhynchos kalopterus,Flying Fox Carp,DD,LC,N,2019‐2
Etheostoma australe,Conchos Darter,VU,EN,N,2019‐2
Etheostoma pottsii,Mexican Darter,VU,LC,N,2019‐2
Fundulus lima,Killifish,LR/lc,EN,N,2019‐2
Gadopsis bispinosus,Two‐spined Blackfish,LC,NT,N,2019‐3
Galaxias fontanus,Swan Galaxias,CR,EN,N,2019‐3
Galaxias fuscus,Barred Galaxias,CR,EN,N,2019‐3
Galaxias johnstoni,Clarence Galaxias,CR,EN,N,2019‐3
Galaxias parvus,Swamp Galaxias,DD,VU,N,2019‐3
Galaxias pedderensis,Pedder Galaxias,CR,EN,G,2019‐3
Galaxias rostratus,Flathead Galaxias,VU,CR,G,2019‐3
Galaxias tanycephalus,Saddled Galaxias,VU,CR,G,2019‐3
Galaxiella munda,Western Mud Minnow,LR/nt,EN,G,2019‐3
Galaxiella nigrostriata,Black‐stripe Minnow,LR/nt,EN,G,2019‐3
Galaxiella pusilla,Dwarf Galaxias,VU,EN,N,2019‐3
Gambusia alvarezi,Yellowfin Gambusia,VU,DD,N,2019‐2
Gambusia hurtadoi,Crescent Gambusia,VU,CR,N,2019‐2
Gambusia longispinis,Cuatrocienegas Gambusia,VU,EN,N,2019‐2
Gambusia speciosa,Tex‐Mex Gambusia,DD,LC,N,2019‐2
Garra phillipsi,Philipps' Garra,DD,CR,N,2019‐3
Gila modesta,Salinas Chub,CR,EN,N,2019‐2
Gila robusta,Roundtail Chub,NT,VU,N,2019‐2
Girardinichthys multiradiatus,Darkedged Splitfin,VU,EN,G,2019‐2
Girardinichthys viviparus,Chapultepec Splitfin,CR,EN,N,2019‐2
Glossogobius celebius,Celebes Goby,DD,LC,N,2019‐2
Glossogobius flavipinnis,,VU,NT,N,2019‐2
Glossogobius intermedius,,VU,NT,N,2019‐2
Glossogobius matanensis,,VU,NT,N,2019‐2
Glyptothorax fuscus,,DD,LC,N,2019‐3
Gymnocharacinus bergii,Naked Characin,EN,CR,G,2019‐2
Hannia greenwayi,Greenway's Grunter,DD,LC,N,2019‐3
Hephaestus epirrhinos,Longnose Sooty Grunter,LR/nt,VU,N,2019‐3
Herichthys bartoni,Barton's Cichlid,VU,EN,N,2019‐2
Herichthys minckleyi,Minkley's Cichlid,VU,EN,N,2019‐2
Herichthys pantostictus,Chairel Cichlid,VU,LC,N,2019‐2
Herichthys steindachneri,Mojarra,NT,EN,N,2019‐2
Homaloptera parclitella,,DD,LC,N,2019‐2
Horadandia atukorali,,LC,VU,N,2019‐3
Hypseleotris aurea,Golden Gudgeon,LR/lc,EN,G,2019‐3
Hypseleotris ejuncida,Slender Carp Gudgeon,LR/nt,CR,G,2019‐3
Hypseleotris kimberleyensis,Barnett River Gudgeon,LR/nt,EN,G,2019‐3
Ilyodon whitei,Balsas Splitfin,CR,LC,N,2019‐2
Kimberleyeleotris hutchinsi,Mitchell Gudgeon,LR/nt,VU,G,2019‐3
Kimberleyeleotris notata,Drysdale Gudgeon,LR/nt,CR,G,2019‐3
Labeo lankae,,CR,EN,N,2019‐3
Leiopotherapon aheneus,Fortesque Grunter,LR/nt,EN,G,2019‐3
Lentipes whittenorum,,VU,DD,N,2019‐2
Lepidogalaxias salamandroides,Salmanderfish,LR/nt,EN,G,2019‐3
Lucania interioris,Cuatrocienegas Killifish,CR,EN,N,2019‐3
Luciogobius albus,Cave Goby,DD,CR,N,2019‐2
Luciosoma setigerum,,DD,LC,N,2019‐2
Maccullochella macquariensis,Trout Cod,EN,VU,G,2019‐3
Maccullochella peelii,Murray River Cod,CR,LC,N,2019‐3
Macquaria australasica,Macquarie Perch,DD,EN,N,2019‐3
Macrochirichthys macrochirus,Long Pectoral‐fin Minnow,NT,LC,N,2019‐2
Malpulutta kretseri,Ornate Paradisefish,LR/cd,EN,N,2019‐3
Megupsilon aporus,Catarina Pupfish,EW,EX,G,2019‐2
Melanotaenia eachamensis,Lake Eacham Rainbowfish,VU,EN,N,2019‐3
Melanotaenia exquisita,Exquisite Rainbowfish,DD,LC,N,2019‐3
Melanotaenia gracilis,Slender Rainbowfish,LR/nt,EN,N,2019‐3
Melanotaenia pygmaea,Pygmy Rainbowfish,LR/nt,VU,G,2019‐3
Menidia colei,Golden Silverside,EN,VU,N,2019‐2
Millerichthys robustus,Mexican Rivulus,DD,EN,N,2019‐2
Milyeringa veritas,Blind Gudgeon,DD,EN,N,2019‐3
Mugilogobius adeia,,VU,EN,N,2019‐2
Mugilogobius amadi,Poso Bungu,CR,CR(PE),N,2019‐2
Mugilogobius latifrons,,VU,EN,N,2019‐2
Mugilogobius sarasinorum,Sarasin's Goby,VU,EN,N,2019‐2
Nannatherina balstoni,Balston's Pygmy Perch,DD,EN,G,2019‐3
Nannoperca obscura,Yarra Pygmy Perch,VU,EN,G,2019‐3
Nannoperca variegata,Variagated Pygmy Perch,VU,EN,G,2019‐3
Neosalanx reganius,Ariake Dwarf Icefish,VU,EN,N,2019‐2
Nomorhamphus celebensis,Poso Halfbeak,DD,EN,N,2019‐2
Nomorhamphus towoetii,,EN,VU,N,2019‐2
Nothobranchius albimarginatus,,VU,EN,G,2019‐3
Nothobranchius annectens,,VU,NT,N,2019‐3
Nothobranchius brieni,,LC,VU,N,2019‐3
Nothobranchius fasciatus,,DD,VU,N,2019‐3
Nothobranchius fuscotaeniatus,,DD,CR,N,2019‐3
Nothobranchius guentheri,Redtail Notho,LC,EN,G,2019‐3
Nothobranchius hassoni,,DD,VU,N,2019‐3
Nothobranchius interruptus,Kikambala Nothobranch,VU,EN,N,2019‐3
Nothobranchius korthausae,,VU,EN,N,2019‐3
Nothobranchius lourensi,,VU,NT,N,2019‐3
Nothobranchius luekei,,VU,EN,N,2019‐3
Nothobranchius malaissei,,DD,VU,N,2019‐3
Nothobranchius microlepis,Small Scaled Nothobranch,LC,VU,N,2019‐3
Nothobranchius ocellatus,,DD,NT,N,2019‐3
Nothobranchius palmqvisti,,LC,VU,N,2019‐3
Nothobranchius rosenstocki,,EN,VU,N,2019‐3
Nothobranchius rubripinnis,,VU,EN,N,2019‐3
Nothobranchius rubroreticulatus,,DD,NT,N,2019‐3
Nothobranchius serengetiensis,,NT,VU,N,2019‐3
Nothobranchius steinforti,,VU,CR,N,2019‐3
Nothobranchius virgatus,,DD,LC,N,2019‐3
Notropis amecae,Ameca Shiner,EX,EW,N,2019‐2
Notropis imeldae,Sardinita de Rio Verde,VU,DD,N,2019‐2
Notropis moralesi,Papaloapan Chub,CR,DD,N,2019‐2
Oligolepis acutipennis,Paintedfin Goby,DD,LC,N,2019‐3
Ompok fumidus,,VU,LC,N,2019‐2
Oncorhynchus chrysogaster,Mexican Golden Trout,VU,NT,N,2019‐3
Oneirodes luetkeni,Lütken’s Dreamer,DD,LC,N,2019‐3
Ophisternon candidum,Blind Cave Eel,DD,EN,N,2019‐3
Oreochromis mossambicus,Mozambique Tilapia,NT,VU,G,2019‐3
Oryzias celebensis,Celebes Ricefish,VU,LC,N,2019‐2
Oryzias marmoratus,Marmorated Ricefish,VU,NT,N,2019‐2
Oryzias matanensis,Matano Ricefish,VU,NT,N,2019‐2
Oryzias nigrimas,Black Buntingi,VU,NT,N,2019‐2
Oryzias orthognathus,Sharp‐jawed Buntingi,EN,NT,N,2019‐2
Oryzias profundicola,Yellow‐finned Ricefish,VU,NT,N,2019‐2
Pangio filinaris,,DD,LC,N,2019‐2
Paragalaxias mesotes,Arthurs Paragalaxias,VU,EN,N,2019‐3
Parakysis longirostris,Singapore Little Warty Catfish,LC,NT,G,2019‐3
Paratherina cyanea,,VU,NT,N,2019‐2
Paratherina labiosa,,VU,CR,G,2019‐2
Paratherina striata,,VU,NT,N,2019‐2
Paratherina wolterecki,,VU,NT,N,2019‐2
Pethia nigrofasciata,Black Ruby Barb,LR/cd,VU,N,2019‐3
Phalacronotus micronemus,,DD,LC,N,2019‐3
Physiculus karrerae,Deepwater Cod,DD,LC,N,2019‐2
Poblana ferdebueni,Chignahuapan Silverside,DD,CR,N,2019‐2
Poblana letholepis,La Preciosa Silverside,EN,CR,N,2019‐2
Poblana squamata,Quechulac Silverside,EN,CR,N,2019‐2
Poecilia latipunctata,Broadspotted Molly,CR,DD,N,2019‐2
Poecilia sulphuraria,Sulphur Molly,CR,EN,N,2019‐2
Poeciliopsis fasciata,San Jeronimo Livebearer,NT,LC,N,2019‐2
Poeciliopsis monacha,Headwater Livebearer,DD,EN,N,2019‐2
Poeciliopsis prolifica,Blackstripe Livebearer,NT,LC,N,2019‐2
Poeciliopsis sonoriensis,Yaqui Topminnow,VU,DD,N,2019‐2
Potamalosa richmondia,Australian Freshwater Herring,NT,LC,N,2019‐3
Priapella bonita,Graceful Priapella,EX,DD,N,2019‐2
Prietella phreatophila,Mexican Blindcat,EN,VU,N,2019‐2
Probarbus jullieni,Jullien's Golden Carp,EN,CR,G,2019‐2
Protomyzon borneensis,,DD,NT,N,2019‐2
Prototroctes maraena,Australian Grayling,NT,VU,G,2019‐3
Pseudomystus myersi,,VU,EN,N,2019‐3
Puntioplites bulu,Bulu Barb,DD,LC,N,2019‐2
Puntius titteya,Cherry Barb,LR/cd,VU,N,2019‐3
Rasbora ennealepis,,VU,NT,N,2019‐2
Rasbora tawarensis,,VU,CR,N,2019‐2
Rasbora wilpita,,EN,VU,N,2019‐3
Rhamdia reddelli,Blindwhiskered Catfish,VU,CR,N,2019‐2
Rhodeus atremius,Kyushu Bitterling,VU,NT,N,2019‐2
Salmo platycephalus,Flathead Trout,CR,EN,N,2019‐1
Schismatogobius deraniyagalai,Redneck Goby,DD,LC,N,2019‐3
Scortum hillii,Leathery Grunter,DD,NT,N,2019‐3
Scortum parviceps,Small‐headed Grunter,DD,NT,N,2019‐3
Sicyopterus cynocephalus,,DD,LC,N,2019‐2
Sicyopterus longifilis,,DD,LC,N,2019‐2
Sicyopus discordipinnis,,DD,LC,N,2019‐3
Sicyopus jonklaasi,Lipstick Goby,DD,EN,N,2019‐3
Smilosicyopus leprurus,,DD,LC,N,2019‐3
Sphaerichthys vaillanti,,VU,EN,N,2019‐2
Stenogobius gymnopomus,,LC,DD,N,2019‐2
Stiphodon pelewensis,,DD,LC,N,2019‐2
Stiphodon semoni,,DD,LC,N,2019‐2
Stiphodon surrufus,,VU,LC,N,2019‐2
Syncomistes kimberleyensis,Kimberley Grunter,LR/nt,LC,N,2019‐3
Syncomistes rastellus,Drysdale Grunter,LR/nt,EN,N,2019‐3
Systomus asoka,Asoka Barb,EN,CR,N,2019‐3
Systomus pleurotaenia,Side Striped Barb,LR/cd,VU,N,2019‐3
Tampichthys dichromus,Bicolor Minnow,VU,CR,N,2019‐2
Tampichthys mandibularis,Flatjaw Minnow,CR,EN,N,2019‐2
Tanakia tanago,Tokyo Bitterling,VU,EN,N,2019‐2
Telmatherina abendanoni,,VU,NT,N,2019‐2
Telmatherina antoniae,,VU,NT,N,2019‐2
Telmatherina bonti,,LR/lc,EN,N,2019‐2
Telmatherina celebensis,,VU,NT,N,2019‐2
Telmatherina obscura,,VU,NT,N,2019‐2
Telmatherina opudi,,VU,NT,N,2019‐2
Telmatherina prognatha,,VU,NT,N,2019‐2
Telmatherina sarasinorum,,VU,NT,N,2019‐2
Telmatherina wahjui,,VU,EN,N,2019‐2
Tlaloc candalarius,Headwater Killifish,NT,LC,N,2019‐2
Tominanga aurea,,VU,NT,N,2019‐2
Tominanga sanguicauda,,VU,NT,N,2019‐2
Typhlias pearsei,Mexican Blind Brotula,VU,NT,N,2019‐2
Vieja hartwegi,Tailbar Cichlid,VU,EN,N,2019‐2
Wallago attu,,NT,VU,N,2019‐3
Xenopoecilus oophorus,Egg‐carrying Buntingi,EN,LC,N,2019‐2
Xenopoecilus poptae,Popta's Buntingi,CR,EN,N,2019‐2
Xenopoecilus sarasinorum,,EN,CR,N,2019‐2
Xiphophorus couchianus,Monterrey Platyfish,CR,EW,G,2019‐2
Xiphophorus meyeri,Marbled Swordtail,EN,EW,G,2019‐2
Zoogoneticus tequila,Tequila Splitfin,CR,EN,N,2019‐2
"",,,,,
"LAMPREYS, etc.",,,,,
Tetrapleurodon spadiceus,Mexican Lamprey,CR,CR(PE),N,2019‐2
"",,,,,
SHARKS & RAYS,,,,,
Acroteriobatus leucospilus,Greyspot Guitarfish,DD,EN,N,2019‐3
Alopias pelagicus,Pelagic Thresher,VU,EN,N,2019‐3
Bathyraja smithii,Softnose Skate,DD,LC,N,2019‐2
Bathyraja tunae,Cristina's Skate,DD,LC,N,2019‐2
Bythaelurus hispidus,Bristly Catshark,DD,NT,N,2019‐3
Carcharhinus dussumieri,Whitecheek Shark,NT,EN,N,2019‐1
Carcharhinus galapagensis,Galapagos Shark,NT,LC,N,2019‐3
Carcharhinus longimanus,Oceanic Whitetip Shark,VU,CR,N,2019‐3
Carcharhinus obscurus,Dusky Shark,VU,EN,N,2019‐3
Centrophorus seychellorum,Seychelles Gulper Shark,DD,LC,N,2019‐2
Cephaloscyllium albipinnum,Whitefin Swellshark,NT,CR,N,2019‐1
Cetorhinus maximus,Basking Shark,VU,EN,N,2019‐3
Chlamydoselachus africana,Southern African Frilled Shark,DD,LC,N,2019‐2
Cruriraja parcomaculata,Triangular Legskate,DD,LC,N,2019‐3
Dipturus springeri,Roughbelly Skate,DD,LC,N,2019‐3
Electrolux addisoni,Ornate Sleeper Ray,CR,LC,N,2019‐3
Euprotomicroides zantedeschia,Taillight Shark,DD,LC,N,2019‐2
Glaucostegus cemiculus,Blackchin Guitarfish,EN,CR,N,2019‐2
Glaucostegus granulatus,Sharpnose Guitarfish,VU,CR,N,2019‐2
Glaucostegus halavi,Halavi Guitarfish,VU,CR,N,2019‐2
Glaucostegus obtusus,Widenose Guitarfish,VU,CR,N,2019‐2
Glaucostegus thouin,Clubnose Guitarfish,VU,CR,N,2019‐2
Glaucostegus typus,Giant Guitarfish,VU,CR,N,2019‐2
Gymnura natalensis,Diamond Ray,DD,LC,N,2019‐3
Halaelurus lineatus,Lined Catshark,DD,LC,N,2019‐3
Haploblepharus kistnasamyi,Natal Shyshark,CR,VU,N,2019‐3
Holohalaelurus melanostigma,Crying Izak Catshark,DD,LC,N,2019‐3
Indobatis ori,Black Legskate,DD,LC,N,2019‐3
Isurus oxyrinchus,Shortfin Mako,VU,EN,N,2019‐1
Isurus paucus,Longfin Mako,VU,EN,N,2019‐1
Mobula hypostoma,Atlantic Devilray,DD,EN,N,2019‐3
Mobula munkiana,Pygmy Devilray,NT,VU,N,2019‐3
Mobula tarapacana,Sicklefin Devilray,VU,EN,N,2019‐3
Mobula thurstoni,Bentfin Devilray,NT,EN,N,2019‐3
Mustelus mosis,Arabian Smoothhound,DD,NT,N,2019‐3
Narcine bancroftii,Caribbean Numbfish,CR,LC,N,2019‐2
Narke capensis,Cape Sleeper Ray,DD,LC,N,2019‐3
Neoraja stehmanni,South African Dwarf Skate,DD,LC,N,2019‐3
Odontaspis noronhai,Bigeye Sand Tiger,DD,LC,N,2019‐1
Okamejei heemstrai,Narrow Skate,DD,LC,N,2019‐3
Pseudocarcharias kamoharai,Crocodile Shark,NT,LC,N,2019‐1
Pseudoginglymostoma brevicaudatum,Shorttail Nurse Shark,VU,CR,G,2019‐3
Rajella caudaspinosa,Munchkin Skate,NT,LC,N,2019‐3
Rhina ancylostoma,Bowmouth Guitarfish,VU,CR,N,2019‐2
Rhinobatos nudidorsalis,Bareback Guitarfish,NT,DD,N,2019‐3
Rhynchobatus australiae,Bottlenose Wedgefish,VU,CR,N,2019‐2
Rhynchobatus cooki,Clown Wedgefish,VU,CR,N,2019‐2
Rhynchobatus djiddensis,Whitespotted Wedgefish,VU,CR,N,2019‐2
Rhynchobatus laevis,Smoothnose Wedgefish,VU,CR,N,2019‐2
Rhynchobatus luebberti,African Wedgefish,EN,CR,N,2019‐2
Rhynchobatus springeri,Broadnose Wedgefish,VU,CR,N,2019‐2
Sphyrna lewini,Scalloped Hammerhead,EN,CR,N,2019‐3
Sphyrna mokarran,Great Hammerhead,EN,CR,N,2019‐3
Squalus albifrons,Eastern Highfin Spurdog,DD,LC,N,2019‐1
Squalus chloroculus,Greeneye Spurdog,NT,EN,N,2019‐1
Squalus crassispinus,Fatspine Spurdog,DD,LC,N,2019‐1
Squalus lalannei,Seychelles Spurdog,DD,LC,N,2019‐3
Squalus nasutus,Western Longnose Spurdog,DD,NT,N,2019‐1
Squalus notocaudatus,Bartail Spurdog,DD,LC,N,2019‐1
Squatina africana,African Angelshark,DD,NT,N,2019‐1
Squatina argentina,Argentine Angelshark,EN,CR,N,2019‐1
Squatina dumeril,Atlantic Angelshark,DD,LC,N,2019‐1
Squatina occulta,Hidden Angelshark,EN,CR,N,2019‐1
Trygonoptera galba,Yellow Shovelnose Stingaree,DD,LC,N,2019‐1
Trygonoptera imitata,Eastern Shovelnose Stingaree,NT,LC,N,2019‐1
Trygonoptera testacea,Common Stingaree,LC,NT,N,2019‐1
"",,,,,
MOLLUSCS,,,,,
Cristaria plicata,,DD,LC,N,2019‐2
Drobacia banatica,,DD,LC,N,2019‐1
Harmandia somboriensis,,DD,LC,N,2019‐2
Hemicycla modesta,,CR(PE),CR,N,2019‐2
Hyriopsis bialata,,LC,EN,N,2019‐3
Hyriopsis desowitzi,,DD,NT,N,2019‐2
Hyriopsis myersiana,,DD,LC,N,2019‐2
Margaritifera dahurica,,DD,LC,N,2019‐2
Margaritifera middendorffi,,VU,LC,N,2019‐2
Modellnaia siamensis,,EN,CR,N,2019‐3
"",,,,,
"GRASSHOPPERS, LOCUSTS & CRICKETS",,,,,
Onconotus servillei,Southern Barbed‐wire Bush‐cricket,VU,LC,N,2019‐1
"",,,,,
FRESHWATER SHRIMPS,,,,,
Caridina glaubrechti,Red Orchid Bee Shrimp,EN,CR,N,2019‐1
Caridina lanceolata,,EN,CR,N,2019‐1
Caridina lingkonae,,EN,CR,N,2019‐1
Caridina loehae,Mini Blue Bee Shrimp,EN,CR,N,2019‐1
Caridina masapi,,EN,CR,N,2019‐1
Caridina parvula,,EN,CR,N,2019‐1
Caridina spinata,Yellow Goldflake,EN,CR,N,2019‐1
Caridina striata,Red Line Shrimp,EN,CR,N,2019‐1
Caridina tenuirostris,,EN,CR,N,2019‐1
Caridina woltereckae,Harlequin Shrimp Sulawesi,EN,CR,N,2019‐1
"",,,,,
HORSESHOE CRABS,,,,,
Tachypleus tridentatus,Tri‐spine Horseshoe Crab,DD,EN,N,2019‐1
"",,,,,
"BUTTERFLIES, MOTHS",,,,,
Hesperia dacotae,Dakota Skipper,VU,EN,G,2019‐2
Atrophaneura luchti,,VU,EN,N,2019‐3
Bhutanitis ludlowi,Ludlow's Bhutan Glory,VU,EN,N,2019‐3
Bhutanitis thaidina,Chinese Three‐tailed Swallowtail,LR/lc,NT,N,2019‐3
Pachliopta atropos,,VU,NT,N,2019‐3
Pachliopta schadenbergi,,VU,LC,N,2019‐3
"",,,,,
"DRAGONFLIES, DAMSELFLIES",,,,,
Aethiothemis modesta,Madagascar Flasher,EN,DD,N,2019‐2
Agriocnemis aderces,,DD,LC,N,2019‐3
Amphicnemis bicolor,,DD,EN,N,2019‐3
Amphicnemis martini,,LC,DD,N,2019‐3
Amphicnemis pandanicola,,DD,VU,N,2019‐3
Amphicnemis platystyla,,DD,NT,N,2019‐3
Amphithemis curvistyla,,DD,LC,N,2019‐2
Antipodophlebia asthenes,Terrestrial Evening Darner,NT,LC,N,2019‐2
Austrocordulia leonardi,Sydney Hawk,CR,VU,N,2019‐2
Austrogomphus angelorum,Murray River Hunter,DD,VU,N,2019‐2
Austrogomphus doddi,Northern River Hunter,DD,VU,N,2019‐2
Bironides superstes,,LC,DD,N,2019‐3
Bironides teuchestes,,VU,DD,N,2019‐3
Brachygonia ophelia,,DD,EN,N,2019‐2
Coeliccia borneensis,,DD,LC,N,2019‐2
Coeliccia erici,,DD,LC,N,2019‐2
Coeliccia flavostriata,,VU,LC,N,2019‐2
Coeliccia macrostigma,,DD,EN,N,2019‐2
Coeliccia pyriformis,,DD,LC,N,2019‐2
Coeliccia svihleri,,DD,LC,N,2019‐2
Drepanosticta attala,,DD,LC,N,2019‐2
Drepanosticta conica,,DD,LC,N,2019‐3
Drepanosticta fontinalis,,NT,LC,N,2019‐2
Drepanosticta sharpi,,DD,LC,N,2019‐2
Dysphaea ethela,,DD,LC,N,2019‐2
Dysphaea lugens,,LC,DD,N,2019‐2
Enallagma maldivense,,CR,DD,N,2019‐3
Euphaea basalis,,VU,NT,N,2019‐2
Euphaea pahyapi,,VU,EN,N,2019‐2
Eurysticta coolawanyah,Pilbara Pin,NT,VU,N,2019‐2
Heliogomphus kelantanensis,,NT,VU,N,2019‐3
Hemicordulia koomina,Pilbara Emerald,NT,VU,N,2019‐2
Hemigomphus magela,Kakadu Vicetail,VU,NT,N,2019‐2
Hemiphlebia mirabilis,Ancient Greenling,EN,LC,N,2019‐2
Ictinogomphus acutus,,NT,VU,N,2019‐3
Indothemis carnatica,,NT,LC,N,2019‐2
Libellago stictica,,NT,LC,N,2019‐3
Linaeschna polli,,DD,VU,N,2019‐3
Macrogomphus decemlineatus,,DD,LC,N,2019‐3
Macrogomphus thoracicus,,DD,NT,N,2019‐3
Mecistogaster amalia,Amalia Helicopter,DD,LC,N,2019‐3
Mortonagrion alcyone,,DD,LC,N,2019‐3
Mortonagrion appendiculatum,,DD,EN,N,2019‐2
Nososticta finisterrae,,DD,LC,N,2019‐3
Nososticta koolpinyah,Koolpinyah Threadtail,DD,VU,N,2019‐2
Nososticta nigrifrons,,DD,LC,N,2019‐3
Nososticta plagioxantha,,VU,LC,N,2019‐3
Paragomphus sinaiticus,Sinai Hooktail,NT,LC,N,2019‐3
Pericnemis triangularis,,VU,EN,N,2019‐3
Petalura pulcherrima,Beautiful Petaltail,EN,VU,N,2019‐2
Podolestes coomansi,,DD,VU,N,2019‐2
Prodasineura abbreviata,,DD,EN,N,2019‐3
Protosticta rufostigma,,LC,DD,N,2019‐2
Protosticta satoi,,DD,VU,N,2019‐2
Protosticta versicolor,,DD,LC,N,2019‐2
Pseudagrion coomansi,,DD,LC,N,2019‐3
Pseudagrionoptera diotima,,DD,EN,N,2019‐3
Sympetrum dilatatum,St. Helena Darter,DD,CR,N,2019‐2
Vestalis anacolosa,,NT,LC,N,2019‐3
Vestalis luctuosa,,NT,LC,N,2019‐3
Wahnesia kirbyi,,DD,LC,N,2019‐3
"",,,,,
PLANTS,,,,,
Abarema racemiflora,,VU,LC,N,2019‐3
Acacia crassicarpa,Northern Wattle,VU,LC,N,2019‐3
Actinodaphne fragilis,,VU,EN,N,2019‐3
Actinodaphne glabra,,NT,LC,N,2019‐3
Adansonia perrieri,,EN,CR,N,2019‐3
Adansonia rubrostipa,,LR/nt,LC,N,2019‐3
Adansonia za,,LR/nt,LC,N,2019‐3
Aegiphila ferruginea,,NT,LC,N,2019‐1
Alangium circulare,,VU,CR,N,2019‐3
Alluaudia procera,Arbre Pieuvre,LR/nt,LC,N,2019‐2
Alpinia velutina,,DD,EN,N,2019‐3
Alsodeiopsis schumannii,,VU,LC,N,2019‐3
Anaxagorea phaeocarpa,,EN,LC,N,2019‐3
Angraecum setipes,,EN,VU,N,2019‐1
Anisophyllea globosa,,VU,CR,G,2019‐2
Anisophyllea impressinervia,,VU,CR,G,2019‐2
Anisoptera grossivenia,Krabak,EN,LC,N,2019‐3
Anisoptera reticulata,,CR,EN,N,2019‐3
Asteropeia amblyocarpa,,CR,LC,N,2019‐2
Asteropeia densiflora,,NT,VU,G,2019‐3
Asteropeia labatii,,EN,VU,N,2019‐2
Asteropeia matrambody,,EN,VU,N,2019‐3
Asteropeia rhopaloides,,EN,LC,N,2019‐2
Austrobuxus montis‐do,,LR/cd,VU,N,2019‐3
Baloghia pininsularis,,EN,CR,N,2019‐3
Baphia semseiana,,VU,EN,N,2019‐3
Baphia speciosa,,NT,EN,N,2019‐2
Beilschmiedia giorgii,,VU,CR,N,2019‐3
Beilschmiedia kweo,,VU,LC,N,2019‐3
Beilschmiedia lumutensis,,LR/lc,VU,G,2019‐3
Beilschmiedia membranacea,,VU,EN,G,2019‐3
Beilschmiedia penangiana,,CR,VU,N,2019‐3
Beilschmiedia ugandensis,,VU,LC,N,2019‐3
Bulbophyllum multiflorum,,LC,VU,G,2019‐1
Cassipourea fanshawei,,VU,CR,N,2019‐2
Centrolobium yavizanum,Amarillo Guayaquil,VU,DD,N,2019‐1
Ceratopetalum succirubrum,,VU,LC,N,2019‐2
Cerberiopsis neriifolia,,EN,VU,N,2019‐3
Cheilolejeunea cedercreutzii,,LR/lc,EN,N,2019‐2
Cleidion lochmios,,VU,EN,N,2019‐3
Cleidion veillonii,,VU,EN,N,2019‐3
Cleistopholis staudtii,,VU,LC,N,2019‐3
Clusia pseudomangle,,VU,LC,N,2019‐1
Cocconerion minus,,VU,LC,N,2019‐3
Cola clavata,Club‐fruited Cola,DD,EN,N,2019‐1
Cola lorougnonis,,EN,CR,N,2019‐2
Cola nigerica,,CR,VU,N,2019‐1
Cola praeacuta,,CR,EN,N,2019‐1
Cola usambarensis,,DD,CR,N,2019‐1
Commiphora mafaidoha,,LR/nt,EN,G,2019‐2
Cordia mandimbana,,VU,DD,N,2019‐2
Cotylelobium melanoxylon,,EN,LC,N,2019‐1
Crossothamnus gentryi,,EN,VU,N,2019‐1
Cryptocarya bitriplinervia,,EN,DD,N,2019‐3
Cryptocarya bracteolata,,LR/lc,VU,N,2019‐3
Cryptocarya wrayi,,LR/lc,VU,N,2019‐3
Cupania mollis,Cola de Pavo de Tierra Fría,LR/cd,LC,N,2019‐2
Cupaniopsis glabra,,EN,CR,N,2019‐3
Cupaniopsis tontoutensis,,EN,DD,N,2019‐3
Curcuma vitellina,,CR,EN,N,2019‐3
Cuviera tomentosa,,VU,EN,N,2019‐3
Cymbopetalum torulosum,,VU,LC,N,2019‐3
Dalbergia acariiantha,,VU,EN,N,2019‐3
Dalbergia davidii,,EN,CR,G,2019‐2
Dalbergia emirnensis,,LR/nt,VU,G,2019‐2
Dalbergia glaucocarpa,,EN,VU,N,2019‐2
Dalbergia glomerata,Granadillo,VU,CR,G,2019‐3
Dalbergia greveana,,LR/nt,VU,G,2019‐2
Dalbergia humbertii,,EN,VU,N,2019‐2
Dalbergia mollis,Rosewood,LR/nt,VU,G,2019‐2
Dalbergia peltieri,,LC,VU,G,2019‐2
Dalbergia pervillei,,LR/nt,VU,G,2019‐2
Damburneya salicina,,LR/nt,LC,N,2019‐3
Dasylepis integra,,VU,LC,N,2019‐3
Dehaasia lancifolia,,LR/cd,LC,N,2019‐3
Dendrophorbium balsapampae,,VU,EN,N,2019‐1
Digitaria patagiata,,DD,VU,N,2019‐3
Diospyros cherrieri,,VU,EN,N,2019‐3
Diospyros crassiflora,Ebony,EN,VU,N,2019‐1
Diospyros impolita,,VU,EN,N,2019‐3
Diospyros macrocarpa,,LR/cd,LC,N,2019‐3
Diospyros margaretae,,VU,EN,N,2019‐3
Diospyros perplexa,,VU,DD,N,2019‐3
Diospyros trisulca,,VU,LC,N,2019‐3
Dipterocarpus applanatus,,CR,VU,N,2019‐3
Dipterocarpus costulatus,,CR,NT,N,2019‐2
Dipterocarpus fusiformis,,CR,EN,N,2019‐3
Dipterocarpus glabrigemmatus,,CR,EN,N,2019‐3
Dipterocarpus globosus,,CR,LC,N,2019‐3
Dipterocarpus perakensis,,CR,EN,N,2019‐2
Dipterocarpus rotundifolius,,CR,EN,N,2019‐2
Dipterocarpus tempehes,,CR,EN,N,2019‐3
Ditrichum cornubicum,Cornish Path‐moss,EN,CR,N,2019‐2
Dracaena umbraculifera,,EX,CR,N,2019‐3
Dryobalanops keithii,,CR,VU,N,2019‐3
Dryobalanops lanceolata,,EN,LC,N,2019‐3
Duguetia barteri,,VU,LC,N,2019‐3
Dupuya haraka,,VU,LC,N,2019‐2
Dupuya madagascariensis,,LR/nt,LC,N,2019‐2
Echinodium setigerum,,VU,EN,N,2019‐2
Elaeocarpus colnettianus,,VU,EN,N,2019‐3
Elaeocarpus moratii,,VU,EN,N,2019‐3
Endiandra wrayi,,LR/lc,NT,N,2019‐2
Erythrina perrieri,,CR,EN,N,2019‐2
Eucalyptus morrisbyi,Morrisby's Gum,EN,CR,G,2019‐3
Euphorbia bongolavensis,,VU,EN,G,2019‐2
Euphorbia bwambensis,,VU,LC,N,2019‐3
Euphorbia intisy,,LC,NT,N,2019‐2
Euphorbia kamponii,,EN,CR,N,2019‐2
Euphorbia ramofraga,,DD,CR,N,2019‐2
Fleurydora felicis,Fanye Garrinyi,VU,EN,G,2019‐2
Flueggea flexuosa,,VU,LC,N,2019‐1
Frullania polysticta,,LR/lc,VU,N,2019‐2
Gardenia transvenulosa,,VU,LC,N,2019‐3
Glyphaea tomentosa,,DD,LC,N,2019‐2
Gonystylus decipiens,,VU,CR,N,2019‐3
Gonystylus nobilis,,VU,EN,N,2019‐3
Gonystylus pendulus,,VU,CR,N,2019‐3
Greigia sodiroana,,NT,LC,N,2019‐3
Grewia transzambesica,,DD,LC,N,2019‐2
Guatteria atabapensis,Carguero de Hoja Negra,LR/nt,LC,N,2019‐2
Guatteria dura,,LR/nt,LC,N,2019‐2
Guatteria eriopoda,,VU,DD,N,2019‐2
Guatteria liesneri,Garapato,LR/nt,LC,N,2019‐2
Guatteria panamensis,,VU,LC,N,2019‐2
Guatteria pastazae,Palo yais,EN,LC,N,2019‐2
Guatteria ramiflora,Auca hicoja,VU,LC,N,2019‐2
Guatteria stenopetala,,VU,DD,N,2019‐2
Gymnosporia gurueensis,,LR/lc,EN,N,2019‐2
Haplorhus peruviana,Carza,DD,EN,N,2019‐2
Herbertus borealis,Northern Prongwort,LR/lc,VU,N,2019‐2
Hexalobus mossambicensis,,DD,VU,N,2019‐3
Hexalobus salicifolius,,EN,LC,N,2019‐3
Homalium betulifolium,,EN,NT,N,2019‐3
Homalium rubiginosum,,VU,EN,N,2019‐3
Hopea aequalis,,CR,EN,N,2019‐3
Hopea auriculata,,EN,CR,N,2019‐2
Hopea enicosanthoides,,CR,EN,N,2019‐2
Hopea fluvialis,,EN,NT,N,2019‐3
Hopea glaucescens,,CR,VU,N,2019‐2
Hopea johorensis,,CR,VU,N,2019‐2
Hopea longirostrata,,CR,EN,N,2019‐2
Hopea mesuoides,,EN,LC,N,2019‐3
Hopea ovoidea,,CR,DD,N,2019‐3
Hopea pentanervia,,CR,VU,N,2019‐3
Hopea polyalthioides,,CR,EN,N,2019‐2
Hopea pterygota,,VU,LC,N,2019‐3
Hopea pubescens,,CR,VU,N,2019‐2
Hopea sulcata,,CR,NT,N,2019‐2
Hopea tenuivervula,,CR,NT,N,2019‐3
Hopea wyattsmithii,,CR,NT,N,2019‐3
Huberantha stuhlmannii,,VU,NT,N,2019‐3
Humiriastrum melanocarpum,Chanú,EN,VU,N,2019‐3
Hymenostylium gracillimum,,LR/lc,EN,N,2019‐2
Ilex florifera,,VU,EN,N,2019‐2
Inga coragypsea,Gaumo Gallinazo,VU,EN,N,2019‐3
Inga hayesii,Guamo churimo,LR/nt,LC,N,2019‐3
Inga interfluminensis,,VU,EN,N,2019‐3
Inga macarenensis,,VU,NT,N,2019‐3
Inga mortoniana,Gauba‐Maria,EN,LC,N,2019‐3
Inga mucuna,Guavo,VU,LC,N,2019‐3
Inga pauciflora,Guabita De Río,VU,LC,N,2019‐3
Inga saffordiana,Safford Inga,VU,LC,N,2019‐3
Iochroma lehmannii,,VU,EN,N,2019‐1
Isolona cauliflora,,EN,VU,N,2019‐3
Isolona congolana,,LR/nt,LC,N,2019‐3
Isolona dewevrei,,VU,LC,N,2019‐3
Isolona heinsenii,,EN,VU,N,2019‐3
Isolona linearis,,VU,EN,G,2019‐3
Isolona pilosa,,NT,VU,N,2019‐3
Isolona pleurocarpa,,VU,EN,N,2019‐3
Isolona zenkeri,,VU,LC,N,2019‐3
Jatropha bullockii,,VU,EN,N,2019‐1
Jatropha chamelensis,Papelillo,VU,EN,G,2019‐1
Juglans californica,Southern California Black Walnut,VU,NT,N,2019‐2
Justicia pinensis,,EN,VU,N,2019‐3
Keetia koritschoneri,,VU,EN,N,2019‐3
Keetia purpurascens,,VU,EN,N,2019‐3
Knema minima,,VU,LC,N,2019‐3
Kokoona sabahana,,VU,CR,G,2019‐2
Kopsia tenuis,,VU,EN,N,2019‐2
Kraussia speciosa,,VU,LC,N,2019‐3
Lasianthus wallacei,,VU,EN,N,2019‐3
Lathyrus odoratus,Sweet Pea,NT,CR,N,2019‐2
Lathyrus rotundifolius,Round‐Leaf Vetchling,LC,NT,N,2019‐2
Leptolaena abrahamii,,EN,NT,N,2019‐2
Lettowianthus stellatus,,NT,LC,N,2019‐3
Lindera wrayi,,LR/lc,EN,N,2019‐3
Litsea claviflora,,VU,EN,N,2019‐3
Litsea curtisii,,LR/lc,EN,N,2019‐3
Litsea hirsutissima,,LR/cd,LC,N,2019‐2
Lonchocarpus phaseolifolius,,CR,LC,N,2019‐2
Lonchocarpus phlebophyllus,,EN,LC,N,2019‐2
Macleania loeseneriana,,VU,NT,N,2019‐3
Maclurodendron parviflorum,,VU,CR,N,2019‐3
Maclurodendron pubescens,,VU,LC,N,2019‐2
Marsupella profunda,,LR/lc,VU,N,2019‐2
Melicope subunifoliolata,,VU,LC,N,2019‐2
Millettia aurea,,EN,VU,N,2019‐2
Millettia bussei,,VU,LC,N,2019‐3
Millettia eriocarpa,,VU,EN,N,2019‐3
Millettia mossambicensis,,DD,LC,N,2019‐2
Millettia nathaliae,,EN,VU,N,2019‐2
Millettia orientalis,,EN,NT,N,2019‐3
Millettia sacleuxii,,VU,EN,G,2019‐3
Millettia schliebenii,,VU,EN,N,2019‐3
Millettia sericantha,,VU,DD,N,2019‐3
Monodora globiflora,,NT,LC,N,2019‐3
Monodora hastipetala,,CR,EN,N,2019‐3
Multidentia castaneae,,VU,EN,N,2019‐3
Multidentia sclerocarpa,,VU,EN,N,2019‐3
Myristica buchneriana,,VU,LC,N,2019‐2
Nectandra astyla,,VU,EN,N,2019‐3
Nectandra baccans,Berrylike Nectandra,LR/cd,VU,N,2019‐3
Nectandra brittonii,,VU,EN,N,2019‐3
Nectandra brochidodroma,,VU,CR,N,2019‐3
Nectandra citrifolia,,VU,EN,N,2019‐3
Nectandra cordata,,DD,CR,N,2019‐3
Nectandra filiflora,,VU,CR,N,2019‐3
Nectandra gracilis,,LR/nt,LC,N,2019‐3
Nectandra heterotricha,,VU,EN,N,2019‐3
Nectandra hirtella,,VU,EN,N,2019‐3
Nectandra japurensis,Moena Blanca,DD,VU,N,2019‐3
Nectandra olida,Guipro,VU,LC,N,2019‐3
Nectandra pseudocotea,,VU,EN,N,2019‐3
Nectandra yarinensis,,DD,EN,N,2019‐3
Neoharmsia madagascariensis,,VU,EN,G,2019‐2
Neolemonniera clitandrifolia,,EN,VU,N,2019‐2
Neolitsea kedahensis,,LR/cd,EN,G,2019‐2
Neostenanthera hamata,,VU,LC,N,2019‐3
Neostenanthera robsonii,,LR/nt,LC,N,2019‐3
Noronhia richardsiae,,VU,LC,N,2019‐2
Ochna angustata,,DD,NT,N,2019‐2
Ochna beirensis,,DD,EN,N,2019‐2
Ocotea gabonensis,,LR/nt,LC,N,2019‐3
Ophrypetalum odoratum,,VU,NT,N,2019‐3
Ormocarpopsis aspera,,LR/nt,LC,N,2019‐2
Ormocarpopsis calcicola,,EN,VU,N,2019‐2
Ormocarpopsis mandrarensis,,VU,EN,G,2019‐2
Ormocarpopsis tulearensis,,EN,VU,N,2019‐2
Ottelia exserta,,DD,LC,N,2019‐2
Palaquium grande,,VU,NT,N,2019‐1
Palaquium pauciflorum,,VU,EN,N,2019‐1
Palaquium petiolare,,LR/cd,NT,N,2019‐1
Palaquium regina‐montium,,LR/cd,VU,N,2019‐3
Palaquium thwaitesii,,VU,EN,N,2019‐1
Pandanus clandestinus,,LR/cd,EN,N,2019‐3
Parashorea macrophylla,White Seraya,CR,NT,N,2019‐3
Parashorea malaanonan,White Seraya,CR,LC,N,2019‐3
Phylloxylon perrieri,,EN,LC,N,2019‐2
Phylloxylon phillipsonii,,CR,EN,N,2019‐2
Phylloxylon spinosa,,EN,VU,N,2019‐2
Phylloxylon xylophylloides,,VU,NT,N,2019‐2
Piptostigma fugax,,VU,LC,N,2019‐3
Planchonella contermina,,EN,NT,N,2019‐3
Planchonella kaalaensis,,EN,NT,N,2019‐3
Pleiospermium longisepalum,,VU,LC,N,2019‐2
Polyscias crenata,,VU,LC,N,2019‐3
Pongamiopsis amygdalina,,EN,VU,N,2019‐2
Prunus mirabilis,,VU,EN,G,2019‐2
Psidium pedicellatum,,EN,LC,N,2019‐2
Puya aequatorialis,,LC,VU,N,2019‐3
Puya compacta,,CR,EN,N,2019‐3
Puya eryngioides,,LC,NT,N,2019‐3
Puya exigua,,CR,EN,N,2019‐3
Puya maculata,,LC,VU,N,2019‐3
Puya nutans,,NT,EN,N,2019‐3
Puya obconica,,VU,EN,N,2019‐3
Puya pygmaea,,VU,NT,N,2019‐3
Puya retrorsa,Achupalla,LC,NT,N,2019‐3
Puya roseana,,EN,CR,N,2019‐3
Puya sodiroana,,VU,EN,N,2019‐3
Quercus aucheri,,LR/nt,LC,N,2019‐2
Quercus rex,,DD,LC,N,2019‐1
Radula jonesii,,VU,EN,N,2019‐2
Radula visianica,,EX,CR,N,2019‐2
Riccia atlantica,,VU,CR,N,2019‐2
Santiria nigricans,,VU,EN,N,2019‐3
Santiria sarawakana,,VU,EN,N,2019‐3
Sarawakodendron filamentosum,,VU,EN,G,2019‐3
Senna ankaranensis,,NT,EN,N,2019‐2
Shorea acuminata,Light Red Meranti,CR,LC,N,2019‐2
Shorea acuminatissima,Yellow Meranti,CR,VU,N,2019‐3
Shorea acuta,,CR,LC,N,2019‐3
Shorea agami,White Meranti,EN,NT,N,2019‐3
Shorea albida,Light Red Meranti,EN,VU,N,2019‐3
Shorea alutacea,,VU,EN,N,2019‐2
Shorea andulensis,Light Red Meranti,EN,VU,N,2019‐3
Shorea argentifolia,Dark Red Meranti,EN,LC,N,2019‐3
Shorea asahi,,CR,NT,N,2019‐3
Shorea bakoensis,,CR,VU,N,2019‐2
Shorea bentongensis,White Meranti,EN,VU,N,2019‐2
Shorea bullata,Dark Red Meranti,CR,VU,N,2019‐3
Shorea carapae,Red Balau,CR,NT,N,2019‐3
Shorea chaiana,,CR,VU,N,2019‐3
Shorea ciliata,,EN,NT,N,2019‐2
Shorea collina,Red Balau,CR,VU,N,2019‐2
Shorea cordata,,CR,EN,N,2019‐3
Shorea cuspidata,,EX,VU,N,2019‐3
Shorea dispar,,CR(PE),CR,N,2019‐2
Shorea elliptica,Dark Red Meranti,CR,EN,N,2019‐3
Shorea flaviflora,Dark Red Meranti,CR,VU,N,2019‐3
Shorea geniculata,,CR,VU,N,2019‐3
Shorea hypoleuca,,CR,VU,N,2019‐3
Shorea inaequilateralis,Red Balau,CR,EN,N,2019‐3
Shorea isoptera,,CR,VU,N,2019‐3
Shorea kudatensis,Yellow Meranti,CR,NT,N,2019‐3
Shorea ladiana,,CR,VU,N,2019‐3
Shorea laxa,Yellow Meranti,CR,LC,N,2019‐3
Shorea longiflora,,CR,VU,N,2019‐3
Shorea lunduensis,,CR,NT,N,2019‐3
Shorea macrophylla,Light Red Meranti,VU,LC,N,2019‐3
Shorea maxima,Yellow Meranti,EN,NT,N,2019‐2
Shorea micans,,CR,LC,N,2019‐3
Shorea mujongensis,,CR,VU,N,2019‐3
Shorea myrionerva,Light Red Meranti,CR,NT,N,2019‐3
Shorea obovoidea,,CR,VU,N,2019‐3
Shorea obscura,,EN,VU,N,2019‐3
Shorea pachyphylla,Dark Red Meranti,CR,EN,N,2019‐3
Shorea pallidifolia,Red Meranti,CR,EN,N,2019‐3
Shorea polyandra,Yellow Meranti,CR,VU,N,2019‐3
Shorea quadrinervis,Light Red Meranti,EN,VU,N,2019‐3
Shorea richetia,,CR,VU,N,2019‐3
Shorea rubella,Light Red Meranti,CR,VU,N,2019‐3
Shorea sagittata,Light Red Meranti,CR,NT,N,2019‐2
Shorea slootenii,,CR,VU,N,2019‐3
Shorea smithiana,Light Red Meranti,CR,VU,N,2019‐3
Shorea stenoptera,Light Red Meranti,EN,NT,N,2019‐3
Shorea subcylindrica,,CR,VU,N,2019‐3
Shorea submontana,,EN,NT,N,2019‐2
Shorea superba,,CR,VU,N,2019‐3
Shorea symingtonii,White Meranti,CR,VU,N,2019‐3
Shorea tenuiramulosa,,CR,EN,N,2019‐3
Shorea waltonii,Red Meranti,CR,NT,N,2019‐3
Shorea xanthophylla,Yellow Meranti,CR,NT,N,2019‐3
Sloanea lepida,,VU,EN,N,2019‐3
Sloanea suaveolens,,VU,CR,N,2019‐3
Stenocarpus villosus,,CR,EN,N,2019‐3
Swietenia humilis,Pacific Coast Mahogany,VU,EN,N,2019‐3
Terminalia archipelagi,,EN,VU,N,2019‐2
Tetrorchidium brevifolium,,EN,LC,N,2019‐3
Thamnobryum fernandesii,,EN,VU,N,2019‐2
Ticodendron incognitum,duranzo de ardilla,VU,NT,N,2019‐3
Trichilia chirriactensis,,VU,CR,N,2019‐3
Trigonobalanus doichangensis,,DD,EN,N,2019‐2
Upuna borneensis,,EN,VU,N,2019‐3
Uvariastrum zenkeri,,VU,LC,N,2019‐3
Uvariopsis tripetala,,VU,LC,N,2019‐2
Vantanea depleta,,EN,LC,N,2019‐3
Vatica badiifolia,,EN,VU,N,2019‐3
Vatica brevipes,,CR,NT,N,2019‐3
Vatica chartacea,,CR,EN,N,2019‐3
Vatica compressa,,CR,VU,N,2019‐2
Vatica congesta,,CR,EN,N,2019‐3
Vatica coriacea,,CR,NT,N,2019‐3
Vatica cuspidata,,CR,NT,N,2019‐2
Vatica globosa,,CR,EN,N,2019‐3
Vatica heteroptera,,CR,NT,N,2019‐2
Vatica hullettii,,CR,VU,N,2019‐2
Vatica lobata,,CR,EN,N,2019‐2
Vatica maritima,,EN,VU,N,2019‐3
Vatica parvifolia,,CR,VU,N,2019‐3
Vatica pedicellata,,EN,VU,N,2019‐2
Vatica rotata,,CR,EN,N,2019‐3
Vatica sarawakensis,,CR,VU,N,2019‐3
Vatica scortechinii,,CR,EN,N,2019‐2
Vepris allenii,,DD,EN,N,2019‐2
Weissia multicapsularis,Many‐fruited Beardless Moss,CR,DD,N,2019‐2
Xanthocercis madagascariensis,,VU,LC,N,2019‐2
Xylia mendoncae,,DD,VU,N,2019‐1
Xylopia collina,,EN,NT,N,2019‐3
Xylopia elliotii,,VU,LC,N,2019‐2
Xylopia talbotii,,VU,DD,N,2019‐3
Xylosma capillipes,,CR,EN,N,2019‐3
Zollingeria borneensis,,CR,DD,N,2019‐2
"",,,,,
FUNGI,,,,,
Echinodontium ryvardenii,,DD,EN,N,2019‐2
